ID,latitude,longitude,elevation,IGBP,Koppen,name,Data Use Policy ,MAT (°C),MAP (mm),start,end,FLUXNET,BASE_CCBY40,BASE_Legacy
AR-Bal,-37.7596,-58.3024,130.0,CRO,Cfb,Balcarce BA,CC-BY-4.0,14.0,926.0,2012.0,2013.0,Y,Y,Y
AR-CCa,-35.621,-61.3181,83.0,CRO,Cfa,Carlos Casares agriculture,CC-BY-4.0,16.1,1060.0,2012.0,2020.0,Y,Y,Y
AR-CCg,-35.9244,-61.1855,84.0,GRA,Cfa,Carlos Casares grassland,CC-BY-4.0,16.1,1060.0,2018.0,2024.0,Y,Y,Y
AR-Cel,-37.7028,-57.4192,1.0,WET,Cfb,CELPA Mar Chiquita BA,Legacy,14.0,926.0,2018.0,2018.0,,,Y
AR-Rom,-37.5508,-57.2972,1.0,WET,Cfb,Romano Mar Chiquita BA,Legacy,14.0,926.0,2014.0,2015.0,,,Y
AR-TF1,-54.9733,-66.7335,40.0,WET,,Rio Moat bog,CC-BY-4.0,,,2016.0,2018.0,Y,Y,Y
AR-TF2,-54.8269,-68.4549,60.0,WET,,Rio Pipo bog,CC-BY-4.0,5.5,530.0,2016.0,2018.0,Y,Y,Y
BR-BNT,-2.6334,-60.1505,116.0,EBF,,BIONTE,Legacy,27.4,2300.0,,,,,
BR-Cax,-1.7185,-51.4583,48.4,EBF,Af,"CAX, FLONA Caxiuanã micromet tower",CC-BY-4.0,26.0,2500.0,,,,,
BR-CMT,-13.2875,-56.0882,427.0,CRO,Aw,Capuaba farm Mato Grosso,Legacy,26.8,1566.0,,,,,
BR-CST,-7.9682,-38.3842,468.0,DNF,Bsh,Caatinga Serra Talhada,CC-BY-4.0,25.2,642.0,2014.0,2015.0,Y,Y,Y
BR-Cui,-0.6661,-47.2833,21.0,WET,Am,Micrometeorological studies project in Amazonian mangroves,Legacy,26.4,457.2,,,,,
BR-CUP,-3.7874,-55.3664,15.0,DBF,Af,Cupari Tapajos National Forest,CC-BY-4.0,25.0,1900.0,,,,,
BR-IAB,-22.171,-47.871,763.0,WSA,Cwa,Instituto Arruda Botelho - Wooded Cerrado and Mixed Agriculture,Legacy,21.6,1486.0,,,,,
BR-ITA,-23.0604,-48.6467,820.0,EBF,Cfa,MataFLUX: Multi-species tree restoration planting,CC-BY-4.0,19.6,1447.0,2020.0,2024.0,,Y,Y
BR-Ji1,-10.7618,-62.3572,260.0,GRA,Af,Fazenda Nossa Senhora (FNS),CC-BY-4.0,,,,,,,
BR-Ji3,-10.1866,-61.8725,160.0,EBF,Am,Ji-Paraná/RO - Reserva Biológica do Jaru (RBJ),CC-BY-4.0,21.0,,2004.0,2010.0,,Y,Y
BR-Ma2,-2.6091,-60.2093,130.0,EBF,Af,Manaus - ZF2 K34,CC-BY-4.0,26.68,2252.0,1999.0,2016.0,,Y,Y
BR-Ma3,-2.3907,-59.8835,147.0,CVM,Af,"ZF3, Colosso farm",CC-BY-4.0,29.0,2792.0,2008.0,2018.0,,Y,Y
BR-Moj,-1.9787,-48.6147,26.0,CVM,Af,"Moju/PA, Commercial oil palm plantation",CC-BY-4.0,25.5,2500.0,,,,,
BR-Npw,-16.498,-56.412,120.0,WSA,Aw,Northern Pantanal Wetland,CC-BY-4.0,24.9,1486.0,2013.0,2017.0,Y,Y,Y
BR-PRS,-29.744,-53.1503,,CRO,Cfa,Paraíso do Sul,Legacy,21.0,1500.0,,,,,
BR-Sa1,-2.8567,-54.9589,88.0,EBF,Am,Santarem-Km67-Primary Forest,CC-BY-4.0,26.13,2074.79,2001.0,2021.0,,Y,Y
BR-Sa3,-3.018,-54.9714,100.0,EBF,Am,Santarem-Km83-Logged Forest,CC-BY-4.0,26.12,2043.77,2000.0,2004.0,,Y,Y
BR-SGC,0.2101,-66.7529,100.0,EBF,Af,"São Gabriel da Cachoeira (Balaio Indigenous Reserve, Pico da Neblina National Park)",CC-BY-4.0,27.0,3000.0,,,,,
BR-SM1,-30.2771,-53.1479,40.5,CRO,Cfa,Cachoeira do Sul Rice Paddy,CC-BY-4.0,17.6,1700.0,2015.0,2016.0,,Y,Y
BR-SM2,-31.7259,-53.5339,395.0,GRA,Cfa,Pedras Altas Grassland,Legacy,17.9,1600.0,,,,,
BR-SM3,-29.7243,-53.76,88.0,CRO,Cfa,Santa Maria Grassland,Legacy,19.4,1778.0,,,,,
BR-SP1,-19.565,-57.018,90.0,WSA,Aw,Southern Pantanal Wetland,Legacy,25.0,850.0,,,,,
BR-Xpw,-16.373,-56.461,124.0,GRA,Aw,XomanoFlux,CC-BY-4.0,24.9,1490.0,2017.0,2022.0,,Y,Y
CA-AF1,46.0092,-66.3627,78.0,MF,Dfb,Acadia Research Forest,CC-BY-4.0,5.6,1078.0,2023.0,2025.0,,Y,Y
CA-ARB,52.695,-83.9452,90.0,WET,Dfb,Attawapiskat River Bog,CC-BY-4.0,-1.3,700.0,2011.0,2024.0,Y,Y,Y
CA-ARF,52.7008,-83.955,88.0,WET,Dfb,Attawapiskat River Fen,CC-BY-4.0,-1.3,700.0,2011.0,2024.0,Y,Y,Y
CA-BCW,42.6206,-80.5516,201.0,WET,Dfb,Big Creek Watershed,CC-BY-4.0,7.8,1009.8,,,,,
CA-BOU,50.5244,-63.2064,108.0,WET,Cwc,Bouleau Peatland,CC-BY-4.0,1.5,1011.0,2018.0,2020.0,Y,Y,Y
CA-BSM,50.9021,-63.4052,271.0,ENF,Dfc,Black Spruce Moss Forest,CC-BY-4.0,1.9,1090.0,,,,,
CA-Ca1,49.8673,-125.3336,300.0,ENF,Cfb,British Columbia - 1949 Douglas-fir stand,CC-BY-4.0,9.93,1369.0,1997.0,2010.0,Y,Y,Y
CA-Ca2,49.8705,-125.2909,300.0,ENF,Cfb,British Columbia - Clearcut Douglas-fir stand (harvested winter 1999/2000),CC-BY-4.0,9.86,1474.0,2000.0,2010.0,Y,Y,Y
CA-Ca3,49.5346,-124.9004,,ENF,Cfb,British Columbia - Pole sapling Douglas-fir stand,CC-BY-4.0,9.94,1676.0,2001.0,2024.0,,Y,Y
CA-Cbo,44.3184,-79.9341,210.0,DBF,Dfb,"Ontario - Mixed Deciduous, Borden Forest Site",CC-BY-4.0,6.66,876.34,1994.0,2024.0,Y,Y,Y
CA-CF1,58.6658,-93.83,16.5,WET,Dfc,Churchill Fen Site 1,CC-BY-4.0,-6.5,452.0,2007.0,2008.0,Y,Y,Y
CA-CF2,58.6658,-93.83,16.5,WET,Dfc,Churchill Fen Site 2,CC-BY-4.0,-6.5,452.0,2008.0,2011.0,,Y,Y
CA-CF3,58.6658,-93.8304,25.0,WET,Dfc,Churchill Fen Site 3,CC-BY-4.0,,,2022.0,2024.0,,Y,Y
CA-Cha,45.8847,-67.3569,341.0,MF,Dfb,New Brunswick - Charlie Lake site 01 (immature balsam fir forest to be thinned in year 3),CC-BY-4.0,3.46,971.68,2004.0,2005.0,,Y,Y
CA-CQ1,46.1645,-72.685,6.0,CRO,Dfb,Québec. Carbonique1 - Lac Saint-Pierre Disturbed Marsh,CC-BY-4.0,5.9,872.8,,,,,
CA-CRB,49.9061,-99.348,382.0,CRO,Dfb,Carberry,CC-BY-4.0,2.1,489.4,,,,,
CA-DB2,49.119,-122.9951,4.0,WET,,Delta Burns Bog 2,CC-BY-4.0,,,2019.0,2024.0,Y,Y,Y
CA-DBB,49.1293,-122.9849,4.0,WET,Csb,Delta Burns Bog,CC-BY-4.0,10.0,1128.0,2015.0,2024.0,Y,Y,Y
CA-DL1,64.8689,-111.5748,425.0,OSH,Dfc,Daring Lake - Mixed Tundra,CC-BY-4.0,-9.0,250.0,,,,,
CA-DL2,64.8648,-111.5677,416.0,WET,Dfc,Daring Lake - Fen,CC-BY-4.0,-9.0,250.0,,,,,
CA-DSM,49.0887,-122.8954,,WET,Csb,Delta Salt Marsh,CC-BY-4.0,10.6,1077.8,2021.0,2024.0,Y,Y,Y
CA-EM1,50.3623,-100.2024,607.9,WET,Dfb,Newdale Manitoba,CC-BY-4.0,1.3,504.8,2021.0,2023.0,Y,Y,Y
CA-EM2,50.3706,-100.5339,554.3,WET,Dfb,Shoal Lake Manitoba,CC-BY-4.0,1.5,473.4,2021.0,2023.0,Y,Y,Y
CA-EM3,50.1738,-97.1231,255.0,WET,Dfb,Oak Hammock Marsh Manitoba,CC-BY-4.0,3.0,521.1,,,,,
CA-ER1,43.6405,-80.4123,370.0,CRO,Dfb,Elora Research Station,CC-BY-4.0,6.7,946.0,2015.0,2021.0,Y,Y,Y
CA-ER2,43.6419,-80.414,370.0,CRO,Dfb,Elora Research Station,CC-BY-4.0,6.7,946.0,,,,,
CA-GL3,42.5487,-80.0165,172.0,WAT,Dfb,Long Point,CC-BY-4.0,8.4,965.0,,,,,
CA-Gro,48.2167,-82.1556,340.0,MF,Dfb,"Ontario - Groundhog River, Boreal Mixedwood Forest",CC-BY-4.0,1.3,831.0,2003.0,2014.0,Y,Y,Y
CA-HPC,68.3203,-133.5188,80.0,ENF,Dfc,Havikpak Creek,CC-BY-4.0,-8.2,240.6,2018.0,2018.0,Y,Y,Y
CA-IQT,63.7507,-68.4285,197.0,GRA,ET,Iqaluit Tundra,CC-BY-4.0,-8.6,592.0,,,,,
CA-KLP,51.5902,-81.7684,71.0,WET,Dfb,Kinoje Lake Peatland,CC-BY-4.0,-1.1,680.0,2011.0,2020.0,,Y,Y
CA-KT1,50.022,-100.5713,476.0,CRO,Dfb,Kenton - Field 1,CC-BY-4.0,2.1,489.4,,,,,
CA-KT2,50.0241,-100.5721,478.0,CRO,Dfb,Kenton - Field 2,CC-BY-4.0,2.1,489.4,,,,,
CA-Let,49.7093,-112.9402,960.0,GRA,Dfb,Alberta - Mixed Grass Prairie,Legacy,5.36,398.4,1998.0,2008.0,,,Y
CA-LP1,55.1119,-122.8414,751.0,ENF,Csa,British Columbia - Mountain pine beetle-attacked lodgepole pine stand,CC-BY-4.0,2.0,570.0,2007.0,2024.0,Y,Y,Y
CA-LU1,59.5951,-117.2862,311.0,OSH,Dfc,Steen River,CC-BY-4.0,-1.2,379.0,2020.0,2023.0,,Y,Y
CA-LU2,59.4405,-117.2422,324.0,OSH,Dfc,Lutose,CC-BY-4.0,-1.2,379.0,2020.0,2023.0,,Y,Y
CA-LuM,43.9201,-80.4052,485.0,WET,Dfb,Luther Marsh Wildlife Management Area,Legacy,6.6,905.0,,,,,
CA-MA1,50.1645,-97.8762,261.0,CRO,Dfb,Manitoba Agricultural Site 1,CC-BY-4.0,2.6,514.0,2009.0,2011.0,Y,Y,Y
CA-MA2,50.171,-97.8762,261.0,CRO,Dfb,Manitoba Agricultural Site 2,CC-BY-4.0,2.6,514.0,2009.0,2011.0,Y,Y,Y
CA-MA3,50.1774,-97.8686,261.0,GRA,Dfb,Manitoba Agricultural Site 3,CC-BY-4.0,2.6,514.0,2009.0,2011.0,Y,Y,Y
CA-Man,55.8796,-98.4808,259.0,ENF,Dfc,Manitoba - Northern Old Black Spruce (former BOREAS Northern Study Area),CC-BY-4.0,-3.2,520.0,1994.0,2008.0,Y,Y,Y
CA-Mer,45.4094,-75.5186,70.0,WET,Dfb,"Ontario - Eastern Peatland, Mer Bleue",CC-BY-4.0,6.0,943.0,1998.0,2020.0,Y,Y,Y
CA-MR3,50.8671,-111.9045,712.0,GRA,Dwd,Mattheis Ranch - E3 South,Legacy,,325.0,2012.0,2016.0,,,Y
CA-MR5,50.9056,-111.8823,700.0,GRA,Dwd,Mattheis Ranch - E5 North,Legacy,,325.0,2012.0,2016.0,,,Y
CA-Mtk,72.6695,-77.9981,15.0,GRA,ET,Mittimatalik (Pond Inlet) Tundra,CC-BY-4.0,-14.5,173.0,2024.0,2024.0,Y,Y,Y
CA-Na1,46.4722,-67.1,341.0,ENF,Dfb,New Brunswick - 1967 Balsam Fir - Nashwaak Lake Site 01 (Mature balsam fir forest),CC-BY-4.0,7.09,1102.7,2003.0,2005.0,,Y,Y
CA-NS1,55.8792,-98.4839,260.0,ENF,Dfc,UCI-1850 burn site,CC-BY-4.0,-2.89,500.29,2001.0,2005.0,Y,Y,Y
CA-NS2,55.9058,-98.5247,260.0,ENF,Dfc,UCI-1930 burn site,CC-BY-4.0,-2.88,499.82,2001.0,2005.0,Y,Y,Y
CA-NS3,55.9117,-98.3822,260.0,ENF,Dfc,UCI-1964 burn site,CC-BY-4.0,-2.87,502.22,2001.0,2005.0,Y,Y,Y
CA-NS4,55.9144,-98.3806,260.0,ENF,Dfc,UCI-1964 burn site wet,CC-BY-4.0,-2.87,502.22,2001.0,2005.0,Y,Y,Y
CA-NS5,55.8631,-98.485,260.0,ENF,Dfc,UCI-1981 burn site,CC-BY-4.0,-2.86,500.34,2001.0,2005.0,Y,Y,Y
CA-NS6,55.9167,-98.9644,244.0,OSH,Dfc,UCI-1989 burn site,CC-BY-4.0,-3.08,495.37,2001.0,2005.0,Y,Y,Y
CA-NS7,56.6358,-99.9483,297.0,OSH,Dfc,UCI-1998 burn site,CC-BY-4.0,-3.52,483.27,2001.0,2005.0,Y,Y,Y
CA-NS8,55.8981,-98.2161,274.0,ENF,Dfc,UCI-2003 burn site,Legacy,-2.71,506.69,2001.0,2005.0,,,Y
CA-Oas,53.6289,-106.1978,530.0,DBF,Dfc,"Saskatchewan - Western Boreal, Mature Aspen",CC-BY-4.0,0.34,428.53,1996.0,2010.0,,Y,Y
CA-Obs,53.9872,-105.1178,628.94,ENF,Dfc,"Saskatchewan - Western Boreal, Mature Black Spruce",CC-BY-4.0,0.79,405.6,1997.0,2010.0,,Y,Y
CA-Ojp,53.9163,-104.692,579.0,ENF,Dfc,"Saskatchewan - Western Boreal, Mature Jack Pine",CC-BY-4.0,0.12,430.5,1997.0,2010.0,,Y,Y
CA-PB1,54.9417,-83.4579,29.0,WET,Dfc,Polar Bear 1 - Peat Plateau,CC-BY-4.0,-2.7,490.0,2016.0,2024.0,,Y,Y
CA-PB2,54.9389,-83.4736,26.0,WET,Dfc,Polar Bear 2 - Fen,CC-BY-4.0,-2.7,490.0,2017.0,2024.0,,Y,Y
CA-Qc2,49.7598,-74.5711,,MF,,Quebec - 1975 Harvested Black Spruce (HBS75),CC-BY-4.0,,,2007.0,2010.0,Y,Y,Y
CA-Qcu,49.2671,-74.0365,392.3,ENF,Dfc,"Quebec - Eastern Boreal, Black Spruce/Jack Pine Cutover",CC-BY-4.0,0.13,949.78,2001.0,2010.0,,Y,Y
CA-Qfo,49.6925,-74.3421,382.0,ENF,Dfc,"Quebec - Eastern Boreal, Mature Black Spruce",CC-BY-4.0,-0.36,962.32,2003.0,2010.0,Y,Y,Y
CA-RBM,49.1313,-123.1964,,WET,Csb,Richmond Brackish Marsh,CC-BY-4.0,10.4,1152.0,2022.0,2024.0,,Y,Y
CA-RPn,48.2604,-58.6632,150.0,OSH,Dfb,Robinsons_Natural_Bog_NL,Legacy,5.0,1340.4,,,,,
CA-RPp,48.2632,-58.667,162.0,OSH,Dfb,Robinsons_Peatland_Pasture_NL,Legacy,5.0,1340.4,,,,,
CA-RSB,74.7279,-94.8985,119.0,BSV,ET,Resolute Bay Polar Desert,CC-BY-4.0,-15.0,199.0,2024.0,2024.0,,Y,Y
CA-SCB,61.3089,-121.2984,280.0,WET,Dfc,Scotty Creek Bog,CC-BY-4.0,-2.8,388.0,2014.0,2019.0,Y,Y,Y
CA-SCC,61.3079,-121.2992,285.0,ENF,Dfc,Scotty Creek Landscape,CC-BY-4.0,-2.8,387.6,2013.0,2024.0,Y,Y,Y
CA-SF1,54.485,-105.8176,536.0,ENF,Dfc,"Saskatchewan - Western Boreal, forest burned in 1977",CC-BY-4.0,0.4,470.0,2003.0,2006.0,Y,Y,Y
CA-SF2,54.2539,-105.8775,520.0,ENF,Dfc,"Saskatchewan - Western Boreal, forest burned in 1989",CC-BY-4.0,0.4,470.0,2001.0,2006.0,Y,Y,Y
CA-SF3,54.0916,-106.0053,540.0,OSH,Dfc,"Saskatchewan - Western Boreal, forest burned in 1998",CC-BY-4.0,0.4,470.0,2001.0,2006.0,,Y,Y
CA-SJ1,53.908,-104.656,580.0,ENF,Dfc,"Saskatchewan - Western Boreal, Jack Pine forest harvested in 1994",CC-BY-4.0,0.13,430.23,2001.0,2010.0,,Y,Y
CA-SJ2,53.945,-104.649,580.0,ENF,Dfc,"Saskatchewan - Western Boreal, Jack Pine forest harvested in 2002",CC-BY-4.0,0.11,430.03,2003.0,2010.0,,Y,Y
CA-SJ3,53.8758,-104.6453,,ENF,Dfc,"Saskatchewan - Western Boreal, Jack Pine forest harvested in 1975 (BOREAS Young Jack Pine)",Legacy,0.13,433.33,2003.0,2010.0,,,Y
CA-SMC,63.1534,-123.2522,150.0,ENF,Dfc,Smith Creek,CC-BY-4.0,-2.8,388.0,2018.0,2018.0,Y,Y,Y
CA-ST1,49.3373,-98.3652,448.0,CRO,Dfb,South Tobacco Creek - Field 1,CC-BY-4.0,4.0,527.8,,,,,
CA-ST2,49.3383,-98.3676,447.0,CRO,Dfb,South Tobacco Creek - Field 2,CC-BY-4.0,4.0,527.8,,,,,
CA-TP1,42.6609,-80.5595,265.0,ENF,Dfb,Ontario - Turkey Point 2002 Plantation White Pine,CC-BY-4.0,8.0,1036.0,2002.0,2023.0,Y,Y,Y
CA-TP2,42.7744,-80.4588,212.0,ENF,Dfb,Ontario - Turkey Point 1989 Plantation White Pine,CC-BY-4.0,8.0,1036.0,2002.0,2008.0,,Y,Y
CA-TP3,42.7068,-80.3483,184.0,ENF,Dfb,Ontario - Turkey Point 1974 Plantation White Pine,CC-BY-4.0,8.0,1036.0,2002.0,2023.0,Y,Y,Y
CA-TP4,42.7102,-80.3574,184.0,ENF,Dfb,Ontario - Turkey Point 1939 Plantation White Pine,CC-BY-4.0,8.0,1036.0,2002.0,2023.0,,Y,Y
CA-TPA,42.6947,-80.3487,200.0,CRO,,Ontario Turkey Point Observatory Agricultural Site,CC-BY-4.0,8.4,956.0,2020.0,2023.0,,Y,Y
CA-TPD,42.6353,-80.5577,260.0,DBF,Dfb,Ontario - Turkey Point Mature Deciduous,CC-BY-4.0,8.0,1036.0,2012.0,2023.0,Y,Y,Y
CA-TVC,68.7462,-133.5017,85.0,OSH,Dfc,Trail Valley Creek,CC-BY-4.0,-8.2,240.6,2017.0,2017.0,,Y,Y
CA-WP1,54.9538,-112.467,540.0,WET,Dfc,"Alberta - Western Peatland - LaBiche River,Black Spruce/Larch Fen",Legacy,1.1,461.07,2003.0,2009.0,,,Y
CA-WP2,55.5375,-112.3343,,WET,Dfc,Alberta - Western Peatland - Poor Fen (Sphagnum moss),Legacy,,,2004.0,2006.0,,,Y
CA-WP3,54.47,-113.32,,WET,Dfc,Alberta - Western Peatland - Rich Fen (Carex),Legacy,,,2004.0,2006.0,,,Y
CA-WRF,48.3513,-85.3571,485.0,WET,Dfb,White River Fen,CC-BY-4.0,2.1,969.7,,,,,
CL-ACF,-40.1726,-73.4439,822.0,ENF,Cfb,Alerce Costero Forest,CC-BY-4.0,7.3,4500.0,2018.0,2021.0,Y,Y,Y
CL-FJS,-30.657,-71.665,541.0,OSH,Csb,Fray Jorge Shrubland,CC-BY-4.0,14.0,136.0,,,,,
CL-OPP,-54.9394,-67.6418,27.0,WET,Cfc,Omora Park Peatland,CC-BY-4.0,5.0,822.0,,,,,
CL-SDF,-41.883,-73.676,50.0,EBF,Cfb,Senda Darwin Forest,CC-BY-4.0,10.0,2110.0,2014.0,2022.0,Y,Y,Y
CL-SDP,-41.879,-73.666,50.0,WET,Cfb,Senda Darwin Peatland,CC-BY-4.0,10.0,2110.0,2014.0,2024.0,Y,Y,Y
CO-GV1,4.9139,-73.7365,3001.0,WET,,Guatavita Station 1,Legacy,11.0,1500.0,,,,,
CO-GV2,4.9168,-73.7429,3002.0,WET,,Guatavita Station 2,Legacy,11.0,1500.0,,,,,
CR-Dos,10.4322,-84.0106,40.0,EBF,Af,La Selva T2,Legacy,25.8,4200.0,,,,,
CR-Fsc,10.4189,-85.4732,18.0,CRO,Aw,Filadelfia sugar cane cropland,CC-BY-4.0,,,2015.0,2018.0,Y,Y,Y
CR-Lse,10.4233,-84.0211,100.0,EBF,Am,La Selva,Legacy,25.9,3965.57,1997.0,1999.0,,,Y
CR-Nmr,10.0829,-85.4694,166.0,CRO,Aw,Nicoya melon-rice cropland,Legacy,,,,,,,
CR-SoC,10.3827,-84.621,538.0,EBF,Af,Soltis Center,CC-BY-4.0,23.1,4200.0,2014.0,2018.0,,Y,Y
MX-Aog,26.9968,-108.7892,367.284,DBF,Bsh,Alamos Old-Growth tropical dry forest,CC-BY-4.0,24.2,732.0,2016.0,2018.0,,Y,Y
MX-Asf,27.0046,-108.7795,384.0,DBF,Bsh,Alamos Mid-Secondary tropical dry forest,Legacy,24.2,732.0,,,,,
MX-BRN,20.7168,-99.9413,2050.0,OSH,Bsk,Bernal,Legacy,17.1,476.0,,,,,
MX-CHB,28.7117,-110.5497,398.0,SAV,Bwh,Churi-Buffelgrass savanna,Legacy,24.6,286.2,,,,,
MX-CHN,28.6982,-110.5392,450.0,CSH,Bwh,Natural subtropical semi-arid shrubland,Legacy,24.8,322.1,,,,,
MX-CLS,27.9541,-110.9726,0.0,WAT,Bwh,"Coastal Lagoon, Gulf of California",Legacy,23.0,260.0,,,,,
MX-EMg,32.0298,-116.6045,409.0,CSH,Bsh,El Mogor,Legacy,17.0,281.0,2015.0,2017.0,,,Y
MX-Iit,31.7434,-106.4316,1123.0,URB,Bwk,Instituto de Ingenieria y Tecnologia - UACJ,Legacy,27.0,457.2,,,,,
MX-ISD,25.3004,-101.3924,1702.0,OSH,Bsh,San Isidro,Legacy,17.5,493.0,,,,,
MX-Lpa,24.1292,-110.438,21.0,OSH,Bwh,La Paz,Legacy,23.6,182.0,2004.0,2008.0,,,Y
MX-Oak,29.9591,-110.4615,1314.0,WSA,Bsh,"Encino, North American monsoon oak savanna",Legacy,18.9,496.0,,,,,
MX-PMm,20.8462,-86.8992,10.0,WET,Aw,Puerto Morelos mangrove,CC-BY-4.0,26.2,1222.0,2017.0,2018.0,,Y,Y
MX-Ray,29.7446,-110.5306,632.0,WSA,Bsh,"Rayon, monsoon subtropical shrubland",Legacy,21.4,487.0,2008.0,2012.0,,,Y
MX-Sgt,29.3408,-112.2796,0.0,WET,Bwh,Sonoran short arid Mangrove,Legacy,20.0,126.0,,,,,
MX-Tes,27.8446,-109.2977,460.0,DBF,Bsh,"Tesopaco, secondary tropical dry forest",CC-BY-4.0,24.3,647.0,2004.0,2008.0,Y,Y,Y
MX-VQS,21.7872,-101.607,2231.0,GRA,Bsk,Vaquerías,CC-BY-4.0,17.5,424.0,,,,,
PA-Bar,9.1568,-79.8486,150.0,EBF,Am,Barro Colorado Island,CC-BY-4.0,26.0,2650.0,2012.0,2017.0,,Y,Y
PA-Bas,9.1565,-79.8482,150.0,EBF,Am,Barro Colorado Island,CC-BY-4.0,26.0,2650.0,,,,,
PE-AMG,-12.5598,-70.1018,290.0,EBF,Af,Los Amigos,CC-BY-4.0,25.5,2335.0,,,,,
PE-BRE,-7.1026,-77.1619,755.0,EBF,Af,El Breo,CC-BY-4.0,,,,,,,
PE-PAN,-9.6237,-74.9315,220.0,EBF,Af,Panguana,CC-BY-4.0,25.5,2335.0,,,,,
PE-QFR,-3.8344,-73.319,104.0,WET,Af,Quistococha Forest Reserve,CC-BY-4.0,,,2018.0,2022.0,Y,Y,Y
PE-TNR,-12.8314,-69.2836,214.0,MF,Af,Tambopata,Legacy,25.5,2335.0,,,,,
PR-xGU,17.9696,-66.8687,143.0,EBF,Am,NEON Guanica Forest (GUAN),CC-BY-4.0,25.0,1168.0,2018.0,2024.0,,Y,Y
PR-xLA,18.0212,-67.0769,24.0,GRA,Am,NEON Lajas Experimental Station (LAJA),CC-BY-4.0,25.0,1168.0,2018.0,2024.0,Y,Y,Y
US-A03,70.4953,-149.8823,5.0,BSV,ET,ARM-AMF3-Oliktok,CC-BY-4.0,-11.2,115.1,2014.0,2021.0,,Y,Y
US-A10,71.3242,-156.6149,4.0,BSV,ET,ARM-NSA-Barrow,CC-BY-4.0,-11.2,115.1,2011.0,2022.0,,Y,Y
US-A12,36.841,-96.427,331.0,CVM,Cfa,ARM-SGP-Pawhuska,CC-BY-4.0,,,,,,,
US-A14,36.607,-97.488,315.0,CVM,Cfa,ARM-SGP-Lamont,CC-BY-4.0,,,,,,,
US-A20,34.6538,-87.2927,178.0,CRO,Cfa,ARM-BNF-Courtland,CC-BY-4.0,,,,,,,
US-A30,34.3848,-86.9279,183.0,CRO,Cfa,ARM-BNF-Falkville,CC-BY-4.0,,,,,,,
US-A31,37.1509,-98.362,412.1,GRA,Cfa,ARM-SGP-Anthony,CC-BY-4.0,,,,,,,
US-A32,36.8193,-97.8198,335.0,GRA,Cfa,ARM-SGP Medford hay pasture,CC-BY-4.0,33.9,889.0,2015.0,2017.0,Y,Y,Y
US-A33,36.9255,-97.0817,357.0,CVM,Cfa,ARM-SGP-Newkirk,CC-BY-4.0,,,,,,,
US-A37,36.3106,-97.928,378.9,CVM,Cfa,ARM-SGP-Waukomis,CC-BY-4.0,,,2024.0,2024.0,Y,Y,Y
US-A38,35.8797,-98.1728,371.2,CVM,Cfa,ARM-SGP-Omega,CC-BY-4.0,,,,,,,
US-A39,36.3776,-96.069,306.0,CRO,Csa,ARM-SGP-Morrison,CC-BY-4.0,14.95,965.0,2024.0,2024.0,Y,Y,Y
US-A40,34.1788,-87.4539,236.0,CRO,Cfa,ARM-BNF-Double Springs,CC-BY-4.0,,,,,,,
US-A41,36.8796,-97.0864,340.0,CVM,Cfa,ARM-SGP-Peckham,CC-BY-4.0,,,,,,,
US-A74,36.8085,-97.5489,337.0,CRO,Cfa,ARM SGP milo field,CC-BY-4.0,33.9,889.0,2016.0,2017.0,Y,Y,Y
US-AaG,33.1105,-91.6282,33.0,GRA,Cfa,Arkansas Grassland,CC-BY-4.0,17.4,1410.0,,,,,
US-ABa,27.1301,-81.2011,8.407258,GRA,Cfa,Archbold grazed seminative pasture,CC-BY-4.0,20.0,1371.0,,,,,
US-ABb,27.1346,-81.2031,8.251645,GRA,Cfa,Archbold ungrazed seminative pasture,CC-BY-4.0,20.0,1371.0,2013.0,2015.0,,Y,Y
US-ABc,27.1633,-81.1873,9.34224,GRA,Cfa,Archbold grazed improved pasture,CC-BY-4.0,20.0,1371.0,,,,,
US-ABd,27.1699,-81.2152,10.66159,GRA,Cfa,Archbold ungrazed improved pasture,CC-BY-4.0,20.0,1371.0,,,,,
US-ABe,27.1656,-81.2161,9.05302,WET,Cfa,Archbold Ungrazed Wetland,CC-BY-4.0,20.0,1371.0,,,,,
US-AC2,39.422,-77.21,158.0,CRO,Dfa,ARM-CRG-Rural,CC-BY-4.0,,,,,,,
US-AC3,38.838,-76.37,3.0,WAT,Cfa,ARM-CRG-Bay,CC-BY-4.0,,,,,,,
US-AC5,39.3105,-76.6238,64.0,URB,Cfa,ARM-CRG-UrbanNW,CC-BY-4.0,,,,,,,
US-AC6,39.3105,-76.6238,67.0,URB,Cfa,ARM-CRG-UrbanSE,CC-BY-4.0,,,,,,,
US-Act,39.582,-84.755,263.0,WAT,Cfa,Acton Lake Flux Tower Site,CC-BY-4.0,11.1,907.0,2017.0,2018.0,,Y,Y
US-ADR,36.7653,-116.6933,842.0,BSV,Bwh,Amargosa Desert Research Site (ADRS),CC-BY-4.0,17.5,110.0,2011.0,2017.0,,Y,Y
US-AF1,34.3108,-118.9244,300.0,CVM,Csb,MPG - Apricot Lane Farms,CC-BY-4.0,15.9,376.4,,,,,
US-Akn,33.3825,-81.5653,93.0,MF,,Savannah River Site,CC-BY-4.0,,,2011.0,2022.0,Y,Y,Y
US-ALQ,46.0308,-89.6067,,WET,Dfb,Allequash Creek Site,CC-BY-4.0,,,2015.0,2025.0,Y,Y,Y
US-AMS,41.7018,-87.9963,232.0,GRA,Cfa,Argonne Testbed for Multiscale Observational Science (ATMOS),CC-BY-4.0,11.7,940.0,2022.0,2023.0,,Y,Y
US-An1,68.99,-150.28,600.0,OSH,,Anaktuvuk River Severe Burn,CC-BY-4.0,,,2008.0,2019.0,,Y,Y
US-An2,68.95,-150.21,600.0,OSH,,Anaktuvuk River Moderate Burn,CC-BY-4.0,,,2008.0,2019.0,,Y,Y
US-An3,68.93,-150.27,600.0,OSH,,Anaktuvuk River Unburned,CC-BY-4.0,,,2008.0,2019.0,,Y,Y
US-AoL,43.2513,-85.7648,270.4,MF,Dfb,Low Density Apple Orchard,CC-BY-4.0,9.7,2.794,,,,,
US-AR1,36.4267,-99.42,611.0,GRA,Dsa,ARM USDA UNL OSU Woodward Switchgrass 1,CC-BY-4.0,,,2009.0,2012.0,Y,Y,Y
US-AR2,36.6358,-99.5975,646.0,GRA,Dsa,ARM USDA UNL OSU Woodward Switchgrass 2,CC-BY-4.0,,,2009.0,2012.0,Y,Y,Y
US-ARb,35.5497,-98.0402,424.0,GRA,Cfa,ARM Southern Great Plains burn site- Lamont,CC-BY-4.0,,,2005.0,2006.0,Y,Y,Y
US-ARc,35.5465,-98.04,424.0,GRA,Cfa,ARM Southern Great Plains control site- Lamont,CC-BY-4.0,,,2005.0,2006.0,Y,Y,Y
US-ARM,36.6058,-97.4888,314.0,CRO,Cfa,ARM Southern Great Plains site- Lamont,CC-BY-4.0,14.76,843.0,2003.0,2025.0,Y,Y,Y
US-ASH,36.1697,-120.201,147.0,DBF,Bwk,USSL San Joaquin Valley Almond High Salinity,CC-BY-4.0,18.1,210.0,2016.0,2017.0,Y,Y,Y
US-ASL,36.9466,-120.1024,78.0,DBF,Bwk,USSL San Joaquin Valley Almond Low Salinity,CC-BY-4.0,16.7,311.0,2016.0,2017.0,,Y,Y
US-ASM,36.1777,-120.2026,147.0,DBF,Bwk,USSL San Joaquin Valley Almond Medium Salinity,CC-BY-4.0,18.1,210.0,2016.0,2017.0,Y,Y,Y
US-Atq,70.4696,-157.4089,15.0,WET,ET,Atqasuk,Legacy,-9.7,93.0,1999.0,2006.0,,,Y
US-Aud,31.5907,-110.5104,1469.0,GRA,Bsk,Audubon Research Ranch,CC-BY-4.0,14.85,438.35,2002.0,2024.0,,Y,Y
US-AV1,34.4024,-91.6843,60.0,CRO,Cfa,Arva AV1,CC-BY-4.0,18.8,1404.0,,,,,
US-AV2,34.423,-91.6835,60.0,CRO,Cfa,Arva AV2,CC-BY-4.0,18.8,1404.0,,,,,
US-AV3,34.4158,-91.6795,60.0,CRO,Cfa,Arva AV3,CC-BY-4.0,18.8,1404.0,,,,,
US-AV4,34.4162,-91.6734,59.0,CRO,Cfa,Arva AV4,CC-BY-4.0,18.8,1404.0,,,,,
US-AV5,34.4233,-91.6832,60.0,CRO,Cfa,Arva AV5,CC-BY-4.0,18.8,1404.0,,,,,
US-Bar,44.0646,-71.2881,272.0,DBF,Dfb,Bartlett Experimental Forest,CC-BY-4.0,5.61,1245.77,2004.0,2024.0,Y,Y,Y
US-BCM,27.6953,-80.7114,23.0,WET,Cwa,Blue Cypress Marsh,CC-BY-4.0,22.6,1142.0,,,,,
US-Bd4,35.8139,-89.9862,70.0,CRO,Cfa,Burdette Farm Rice Field - 4N,CC-BY-4.0,,,,,,,
US-Bd5,35.8105,-90.0194,70.0,CRO,Cfa,Burdette Farm Rice Field - Seagraves South,CC-BY-4.0,,,,,,,
US-Bd6,35.814,-90.0194,70.0,CRO,Cfa,Burdette Farm Rice - Seagraves North,CC-BY-4.0,,,,,,,
US-BdA,35.8089,-90.0327,,CRO,Cfa,Burdette Farm Rice Field - AWD,CC-BY-4.0,,,,,,,
US-BdC,35.8089,-90.0284,,CRO,Cfa,Burdette Farm Rice Field - conventional,CC-BY-4.0,,,,,,,
US-Beo,71.281,-156.6123,,WET,ET,Barrow Environmental Observatory (BEO) tower,Legacy,-11.3,72.0,,,,,
US-Bes,71.2809,-156.5965,4.6,WET,ET,Barrow-Bes (Biocomplexity Experiment South tower),Legacy,-12.0,173.0,,,,,
US-BFS,34.1131,-117.7118,410.0,OSH,Csa,Robert J. Bernard Biological Field Station,Legacy,17.22,343.0,2025.0,2025.0,,,Y
US-BgC,39.8125,-121.8135,135.0,WSA,Csa,Big Chico Creek,CC-BY-4.0,16.5,650.0,,,,,
US-Bi1,38.0992,-121.4993,-2.7,CRO,Csa,Bouldin Island Alfalfa,CC-BY-4.0,16.0,338.0,2016.0,2025.0,Y,Y,Y
US-Bi2,38.1091,-121.5351,-5.0,CRO,Csa,Bouldin Island corn,CC-BY-4.0,16.0,338.0,2017.0,2025.0,Y,Y,Y
US-Bkg,44.3453,-96.8362,510.0,GRA,Dfa,Brookings,Legacy,6.03,585.76,2004.0,2010.0,,,Y
US-Blk,44.158,-103.65,1718.0,ENF,Dfb,Black Hills,Legacy,6.23,573.79,2004.0,2008.0,,,Y
US-Blo,38.8953,-120.6328,1315.0,ENF,Csa,Blodgett Forest,CC-BY-4.0,11.09,1226.0,1997.0,2007.0,,Y,Y
US-BMM,45.783,-110.7776,2324.0,GRA,Dfc,Bangtail Mountain Meadow,CC-BY-4.0,,,2016.0,2019.0,,Y,Y
US-Bn1,63.9198,-145.3782,518.0,ENF,Dsc,"Bonanza Creek, 1920 Burn site near Delta Junction",Legacy,,,2002.0,2004.0,,,Y
US-Bn2,63.9198,-145.3782,410.0,DBF,Dsc,"Bonanza Creek, 1987 Burn site near Delta Junction",Legacy,,,2002.0,2004.0,,,Y
US-Bn3,63.9227,-145.7442,469.0,OSH,Dsc,"Bonanza Creek, 1999 Burn site near Delta Junction",Legacy,,,2002.0,2004.0,,,Y
US-BNF,34.3437,-87.3504,284.0,MF,Cfa,ARM Bankhead National Forest Site,CC-BY-4.0,16.0,1386.0,,,,,
US-Bo1,40.0062,-88.2904,219.0,CRO,Dfa,Bondville,CC-BY-4.0,11.02,991.29,1996.0,2008.0,,Y,Y
US-Bo2,40.009,-88.29,219.0,CRO,Dfa,Bondville (companion site),CC-BY-4.0,11.02,991.29,2004.0,2008.0,,Y,Y
US-Br1,41.9749,-93.6906,313.0,CRO,Dfa,Brooks Field Site 10- Ames,Legacy,8.95,842.33,2005.0,2011.0,,,Y
US-Br2,41.9757,-93.6925,314.0,CRO,Dfa,Brooks Field Site 1011- Ames,Legacy,8.89,846.74,,,,,
US-Br3,41.9747,-93.6936,313.0,CRO,Dfa,Brooks Field Site 11- Ames,Legacy,8.9,846.6,2005.0,2011.0,,,Y
US-BRG,39.2167,-86.5406,180.0,GRA,Cfa,Bayles Road Grassland Tower,CC-BY-4.0,11.8,1200.0,2016.0,2020.0,Y,Y,Y
US-Brw,71.3225,-156.6092,1.0,WET,ET,Barrow,Legacy,-12.6,85.0,1998.0,2007.0,,,Y
US-Bsg,43.4712,-119.6909,1398.0,OSH,Bsk,Burns Sagebrush,CC-BY-4.0,7.36,289.0,2014.0,2015.0,,Y,Y
US-BSM,41.7297,-70.3644,0.5,WET,Dfb,Barnstable Great Marsh,Legacy,9.9,1195.0,,,,,
US-BWa,39.1389,-77.2175,,URB,Cfa,INFLUX - NIST Turfgrass Site,CC-BY-4.0,,,2021.0,2023.0,,Y,Y
US-BWb,39.1955,-77.4509,,GRA,Cfa,INFLUX - Montgomery County pasture site,CC-BY-4.0,,,2022.0,2024.0,,Y,Y
US-BWe,39.317,-76.587,44.0,GRA,Cfa,Clifton Park Turfgrass,CC-BY-4.0,13.44,1143.0,,,,,
US-BZB,64.6955,-148.3208,100.0,WET,Dfd,Bonanza Creek Thermokarst Bog,CC-BY-4.0,-2.4,274.0,2011.0,2025.0,Y,Y,Y
US-BZF,64.7013,-148.3121,95.0,WET,Dfd,Bonanza Creek Rich Fen,CC-BY-4.0,-2.4,274.0,2011.0,2025.0,Y,Y,Y
US-BZL,64.9194,-147.8222,188.0,WET,Dfd,Goldstream Valley Thermokarst Lake,CC-BY-4.0,-2.4,274.0,,,,,
US-BZo,64.6936,-148.33,100.0,WET,Dfd,Bonanza Creek Old Thermokarst Bog,CC-BY-4.0,-2.4,274.0,2018.0,2025.0,Y,Y,Y
US-BZS,64.6963,-148.3235,100.0,ENF,Dfd,Bonanza Creek Black Spruce,CC-BY-4.0,-2.4,274.0,2010.0,2025.0,Y,Y,Y
US-CAK,64.8618,-163.7002,35.0,GRA,ET,Council Alaska Tundra,CC-BY-4.0,,,2024.0,2024.0,Y,Y,Y
US-CaV,39.0633,-79.4208,994.0,GRA,Cfb,Canaan Valley,Legacy,7.97,1317.0,2004.0,2010.0,,,Y
US-CC1,44.0732,-89.6787,314.0,CRO,Dfb,Coloma Corn 1,CC-BY-4.0,7.5,906.5,2021.0,2021.0,,Y,Y
US-CC2,44.1039,-89.6196,320.0,CRO,Dfb,Coloma Corn 2,CC-BY-4.0,7.5,906.5,2021.0,2021.0,,Y,Y
US-CdM,37.5241,-109.7471,1860.0,WSA,Bsk,Cedar Mesa,CC-BY-4.0,11.3,348.0,2019.0,2025.0,Y,Y,Y
US-Ced,39.8379,-74.3791,58.0,CSH,Cfa,Cedar Bridge,CC-BY-4.0,11.04,1138.0,2005.0,2014.0,,Y,Y
US-CF1,46.7815,-117.0821,794.0,CRO,Dsb,CAF-LTAR Cook East,CC-BY-4.0,9.0,550.0,2017.0,2021.0,Y,Y,Y
US-CF2,46.784,-117.0908,807.0,CRO,Dsb,CAF-LTAR Cook West,CC-BY-4.0,9.0,550.0,2017.0,2021.0,Y,Y,Y
US-CF3,46.7551,-117.1261,795.0,CRO,Dsb,CAF-LTAR Boyd North,CC-BY-4.0,9.0,550.0,2017.0,2021.0,Y,Y,Y
US-CF4,46.7518,-117.1285,795.0,CRO,Dsb,CAF-LTAR Boyd South,CC-BY-4.0,9.0,550.0,2017.0,2021.0,Y,Y,Y
US-CGG,37.938,-121.9761,119.5,GRA,Csa,Concord Grazed Grassland,CC-BY-4.0,16.0,419.0,2019.0,2025.0,Y,Y,Y
US-ChR,35.9311,-84.3324,286.0,DBF,Cfa,Chestnut Ridge,CC-BY-4.0,13.91,1358.85,2006.0,2019.0,,Y,Y
US-CLF,40.6366,-77.9424,244.0,CVM,Dfb,Cole Farm,CC-BY-4.0,9.5,1050.0,2017.0,2020.0,,Y,Y
US-CLN,42.4886,-93.5227,368.1,CRO,Dfa,Coles Farm North,Legacy,8.0,981.0,,,,,
US-CLS,42.4826,-93.5249,354.0,CRO,Dfa,Coles Farm South,Legacy,8.0,981.0,,,,,
US-Cms,71.3202,-156.6223,6.0,WET,ET,Central Marsh,CC-BY-4.0,-12.6,274.0,1999.0,2005.0,Y,Y,Y
US-CMW,31.6637,-110.1777,1199.0,DBF,Bsh,Charleston Mesquite Woodland,CC-BY-4.0,17.0,288.0,2000.0,2021.0,,Y,Y
US-CN1,38.7466,-94.3967,309.0,GRA,Cfa,Coleman Cattle Farm,CC-BY-4.0,12.8,1143.0,,,,,
US-CN2,38.7554,-94.3963,309.0,GRA,Cfa,Parrot Farm,CC-BY-4.0,12.8,1143.0,,,,,
US-Cop,38.09,-109.39,1520.0,GRA,,Corral Pocket,CC-BY-4.0,,,2001.0,2007.0,Y,Y,Y
US-CPF,40.5855,-105.8696,3100.0,ENF,Dfc,Cameron Peak,CC-BY-4.0,1.6,1121.0,2021.0,2024.0,,Y,Y
US-CPk,41.068,-106.1187,2750.0,ENF,Dfc,Chimney Park,CC-BY-4.0,6.1,545.0,2009.0,2013.0,,Y,Y
US-CRE,35.7635,-90.773,77.0,CRO,Cfa,Clark Rice East,CC-BY-4.0,16.4,1150.0,,,,,
US-CRK,31.4629,-95.3415,151.0,ENF,Cfa,Davy Crockett National Forest,CC-BY-4.0,19.0,1148.0,2022.0,2025.0,Y,Y,Y
US-CRT,41.6285,-83.3471,180.0,CRO,Dfa,Curtice Walter-Berger cropland,CC-BY-4.0,10.1,849.0,2011.0,2013.0,Y,Y,Y
US-CRW,35.7635,-90.773,77.0,CRO,Cfa,Clark Rice West,CC-BY-4.0,16.4,1150.0,,,,,
US-CS1,44.1031,-89.5379,328.0,CRO,Dfa,Central Sands Irrigated Agricultural Field,CC-BY-4.0,7.0,830.0,2018.0,2019.0,Y,Y,Y
US-CS2,44.1467,-89.5002,328.0,ENF,Dfa,Tri county school Pine Forest,CC-BY-4.0,7.0,830.0,2018.0,2022.0,Y,Y,Y
US-CS3,44.1394,-89.5727,328.0,CRO,Dfa,Central Sands Irrigated Agricultural Field,CC-BY-4.0,7.0,830.0,2019.0,2020.0,Y,Y,Y
US-CS4,44.1597,-89.5475,328.0,CRO,Dfa,Central Sands Irrigated Agricultural Field,CC-BY-4.0,7.0,830.0,2020.0,2021.0,Y,Y,Y
US-CS5,44.1095,-89.5377,328.0,CRO,Dfa,Central Sands Irrigated Agricultural Field,CC-BY-4.0,7.0,830.0,2021.0,2021.0,Y,Y,Y
US-CS6,44.4297,-89.544,328.0,CRO,Dfa,Central Sands Irrigated Agricultural Field,CC-BY-4.0,7.0,830.0,2022.0,2023.0,Y,Y,Y
US-CS7,44.4375,-89.5443,328.0,ENF,Dfa,Central Sands Forest,CC-BY-4.0,7.0,830.0,,,,,
US-CS8,44.4338,-89.5364,328.0,CRO,Dfa,Central Sands Irrigated Agricultural Field,CC-BY-4.0,7.0,830.0,2023.0,2023.0,Y,Y,Y
US-Cst,33.0442,-91.9204,50.0,ENF,Cfa,Crossett Experimental Forest,CC-BY-4.0,17.4,1410.0,2013.0,2017.0,Y,Y,Y
US-Ctn,43.95,-101.8466,744.0,GRA,,Cottonwood,Legacy,,,2006.0,2009.0,,,Y
US-CU1,41.8694,-87.6459,183.4,URB,Dfa,UIC Plant Research Laboratory Chicago,CC-BY-4.0,10.6,937.0,2024.0,2024.0,,Y,Y
US-CU2,41.7187,-87.6108,176.0,URB,Dfa,CSU Williams Science Center,CC-BY-4.0,10.6,937.0,,,,,
US-CU3,41.9805,-87.7166,195.0,URB,Dfa,Bernard Brommel Hall,CC-BY-4.0,10.6,937.0,,,,,
US-CU4,41.7015,-87.9953,228.0,OSH,Dfa,Argonne Testbed for Multiscale Observational Science (ATMOS),CC-BY-4.0,11.2,889.0,,,,,
US-CwG,34.9682,-83.3951,657.0,GRA,Dfb,Coweeta Grassland,CC-BY-4.0,12.9,1495.0,,,,,
US-Cwt,35.0592,-83.4275,690.0,DBF,Dfb,Coweeta,CC-BY-4.0,13.0,1800.0,2011.0,2024.0,,Y,Y
US-CX1,40.833,-104.76,1600.0,GRA,,"Central Plains Experimental Range 1, Nunn, Colorado",Legacy,8.4,340.0,,,,,
US-CX2,40.8402,-104.7672,1600.0,GRA,,"Central Plains Experimental Range 2, Nunn, Colorado",Legacy,8.4,340.0,,,,,
US-CZ1,37.1088,-119.7313,400.0,SAV,,"Sierra Critical Zone, Sierra Transect, Oak/Pine Woodland, San Joaquin Experimental Range",Legacy,,,,,,,
US-CZ2,37.0311,-119.2566,1160.0,ENF,,"Sierra Critical Zone, Sierra Transect, Ponderosa Pine Forest, Soaproot Saddle",Legacy,,,2010.0,2016.0,,,Y
US-CZ3,37.0674,-119.1951,2015.0,ENF,,"Sierra Critical Zone, Sierra Transect, Sierran Mixed Conifer, P301",Legacy,,,2008.0,2016.0,,,Y
US-CZ4,37.0675,-118.9867,2710.0,ENF,,"Sierra Critical Zone, Sierra Transect, Subalpine Forest, Shorthair",Legacy,,,2009.0,2016.0,,,Y
US-DBk,37.8736,-122.2684,,URB,Csa,Berkeley Way West,CC-BY-4.0,,,2022.0,2024.0,,Y,Y
US-DCS,25.7626,-80.9078,2.05,WET,Cwa,Dwarf Cypress Swamp,CC-BY-4.0,23.1,1312.0,,,,,
US-Dea,32.8136,-115.4423,-53.0,CRO,Dsa,California UC ANR Desert Research and Extension Center Alfalfa,Legacy,20.5,131.0,,,,,
US-Deu,32.8056,-115.4456,-53.0,URB,Dsa,California UC ANR Desert Research and Extension Center Urban Farm Tower,Legacy,20.5,131.0,,,,,
US-DFC,43.3448,-89.7117,264.9,CRO,Dfb,"US Dairy Forage Research Center, Prairie du Sac",CC-BY-4.0,7.65,787.0,2018.0,2024.0,Y,Y,Y
US-DFK,43.3453,-89.7154,210.0,CRO,Dfb,Dairy Forage Research Center - Kernza,CC-BY-4.0,7.65,787.0,2018.0,2021.0,Y,Y,Y
US-Dia,37.6773,-121.5296,323.0,GRA,Csa,Diablo,CC-BY-4.0,15.6,265.0,2010.0,2012.0,,Y,Y
US-Dix,39.9712,-74.4346,48.0,MF,Cfa,Fort Dix,CC-BY-4.0,11.07,1126.63,2005.0,2008.0,,Y,Y
US-Dk1,35.9712,-79.0934,168.0,GRA,Cfa,Duke Forest-open field,CC-BY-4.0,14.36,1169.75,2001.0,2008.0,,Y,Y
US-Dk2,35.9736,-79.1004,168.0,DBF,Cfa,Duke Forest-hardwoods,CC-BY-4.0,14.36,1168.69,2001.0,2008.0,,Y,Y
US-Dk3,35.9782,-79.0942,163.0,ENF,Cfa,Duke Forest - loblolly pine,CC-BY-4.0,14.36,1169.69,2001.0,2008.0,,Y,Y
US-Dmg,38.0015,-121.6691,1.0,WET,Csa,Dutch Slough Marsh Gilbert Tract,CC-BY-4.0,16.1,365.0,2021.0,2025.0,Y,Y,Y
US-DPP,28.1046,-81.419,23.0,ENF,Cwa,Disney Wilderness Preserve Pine Flatwoods,CC-BY-4.0,22.6,1142.0,,,,,
US-DPW,28.0521,-81.4361,23.0,WET,Cwa,Disney Wilderness Preserve Wetland,CC-BY-4.0,22.6,1142.0,2013.0,2017.0,Y,Y,Y
US-DS1,38.1335,-121.539,-6.0,CRO,Csa,Staten Corn 1,CC-BY-4.0,16.0,432.0,2018.0,2020.0,Y,Y,Y
US-DS2,38.1375,-121.514,-6.0,CRO,Csa,Staten Corn 2,CC-BY-4.0,16.0,432.0,2020.0,2023.0,Y,Y,Y
US-DS3,38.1235,-121.549,-7.0,CRO,Csa,Staten Rice 1,CC-BY-4.0,16.0,432.0,2021.0,2025.0,Y,Y,Y
US-DUF,40.5678,-105.0809,1527.0,URB,Bsk,Denver Urban Field Station,CC-BY-4.0,10.4,402.0,2024.0,2025.0,,Y,Y
US-E32,36.819,-97.8199,328.0,CVM,Cfa,ARM-SGP-Medford,CC-BY-4.0,,,,,,,
US-EA4,29.6633,-98.3816,297.0,MF,Cfa,EAA Field Research Park Woodland,CC-BY-4.0,20.3,836.0,2021.0,2025.0,,Y,Y
US-EA5,29.3584,-99.9576,322.0,CSH,Cfa,Uvalde Ranch Mesquite Woodland,CC-BY-4.0,20.9,632.0,2021.0,2023.0,Y,Y,Y
US-EA6,29.6561,-99.9588,480.0,WSA,Cfa,Camp Wood Shield Ranch Oak Savannah,CC-BY-4.0,19.4,703.0,2023.0,2024.0,Y,Y,Y
US-EDN,37.6156,-122.114,,WET,Csa,Eden Landing Ecological Reserve,CC-BY-4.0,,,2018.0,2024.0,Y,Y,Y
US-EKH,36.8094,-121.7523,0.5,WET,Csb,Elkhorn Slough Hester Marsh,CC-BY-4.0,10.0,894.0,2022.0,2025.0,,Y,Y
US-EKN,36.8357,-121.7328,0.0,WET,Cfc,Elkhorn Slough North Marsh,CC-BY-4.0,10.0,894.0,2023.0,2025.0,,Y,Y
US-EKP,36.8558,-121.7488,0.0,WET,Csb,Elkhorn Slough Porter Marsh,CC-BY-4.0,10.0,894.0,2022.0,2025.0,,Y,Y
US-EKY,36.8105,-121.7487,0.0,WET,Csb,Elkhorn Slough Yampah Marsh,CC-BY-4.0,10.0,894.0,,,,,
US-Elm,25.5519,-80.7826,0.77,WET,,Everglades (long hydroperiod marsh),CC-BY-4.0,,,2008.0,2024.0,Y,Y,Y
US-EML,63.8784,-149.2536,662.0,OSH,ET,"Eight Mile Lake Permafrost thaw gradient, Healy Alaska.",CC-BY-4.0,-1.0,378.0,2008.0,2023.0,Y,Y,Y
US-EPM,30.8167,-99.8619,,SAV,Cfa,Edwards Plateau Martin,CC-BY-4.0,19.0,600.0,,,,,
US-Esm,25.4379,-80.5946,1.07,WET,,Everglades (short hydroperiod marsh),CC-BY-4.0,,,2008.0,2024.0,Y,Y,Y
US-EvM,25.3539,-80.381,0.332,WET,,Everglades Saltwater intrusion marsh,CC-BY-4.0,24.2,1200.0,2020.0,2023.0,Y,Y,Y
US-FBE,25.0266,-80.6814,0.0,WAT,Cfa,Bob Allen Key LTER East,CC-BY-4.0,25.5,1525.0,,,,,
US-Fcr,65.3968,-148.9348,265.0,OSH,Dwc,Cascaden Ridge Fire Scar,CC-BY-4.0,-2.4,,2011.0,2014.0,Y,Y,Y
US-Fmf,35.1426,-111.7273,2160.0,ENF,Csb,Flagstaff - Managed Forest,CC-BY-4.0,9.5,546.0,2005.0,2010.0,Y,Y,Y
US-Fo1,70.085,-148.5671,28.0,WET,Dsc,Flux Observations of Carbon from an Airborne Laboratory (FOCAL) Campaign Site 1,CC-BY-4.0,,,2013.0,2024.0,,Y,Y
US-Fo2,70.0229,-148.6598,41.0,WET,Dsc,Flux Observations of Carbon from an Airborne Laboratory (FOCAL) Campaign Site 2,CC-BY-4.0,,,2022.0,2024.0,,Y,Y
US-FPe,48.3077,-105.1019,634.0,GRA,Bsk,Fort Peck,Legacy,5.48,334.8,2000.0,2008.0,,,Y
US-FR1,29.93,-98.01,230.0,GRA,Cfa,Freeman Ranch- Grassland,Legacy,19.56,866.65,,,,,
US-FR2,29.9495,-97.9962,271.9,WSA,Cfa,Freeman Ranch- Mesquite Juniper,Legacy,19.48,864.0,2005.0,2008.0,,,Y
US-FR3,29.94,-97.99,232.0,CSH,Cfa,Freeman Ranch- Woodland,Legacy,19.59,869.23,2004.0,2012.0,,,Y
US-Fuf,35.089,-111.762,2180.0,ENF,Csb,Flagstaff - Unmanaged Forest,CC-BY-4.0,8.7,562.0,2005.0,2010.0,Y,Y,Y
US-Fwf,35.4454,-111.7718,2270.0,GRA,Csb,Flagstaff - Wildfire,CC-BY-4.0,8.4,557.0,2005.0,2010.0,Y,Y,Y
US-GBT,41.3658,-106.2397,3191.0,ENF,Dfc,GLEES Brooklyn Tower,CC-BY-4.0,0.8,1200.0,1999.0,2006.0,,Y,Y
US-GCE,31.4441,-81.2835,0.625,WET,Cfa,Georgia Coastal Ecosystems LTER Flux Tower,Legacy,19.83,1284.0,2013.0,2024.0,,,Y
US-GL1,47.1835,-87.2251,183.0,WAT,Dfb,Stannard Rock,CC-BY-4.0,5.4,,2008.0,2022.0,Y,Y,Y
US-GL2,46.7167,-87.4,183.0,WAT,Dfb,Granite Island,CC-BY-4.0,6.6,762.0,2024.0,2025.0,,Y,Y
US-GLE,41.3665,-106.2399,3197.0,ENF,Dfc,GLEES,CC-BY-4.0,0.8,1200.0,1999.0,2020.0,Y,Y,Y
US-GMF,41.9667,-73.2333,380.0,MF,Dfb,Great Mountain Forest,Legacy,6.08,1258.79,1999.0,2004.0,,,Y
US-Goo,34.2547,-89.8735,87.0,GRA,Cfa,Goodwin Creek,Legacy,15.89,1425.77,2002.0,2006.0,,,Y
US-GR8,35.6647,-90.7153,75.0,CRO,Cfa,Greenfield Rice Northeast 18,CC-BY-4.0,16.2,1100.0,,,,,
US-GR9,35.6648,-90.7198,75.0,CRO,Cfa,Greenfield Rice Northwest 19,CC-BY-4.0,16.2,1100.0,,,,,
US-GZ1,46.5008,-116.8068,746.0,CRO,Csb,"Genesee, ID On-farm site Zone 1",Legacy,11.4,294.1,,,,,
US-GZ2,46.4978,-116.8047,731.0,CRO,Csb,"Genesee, ID On-farm site Zone 2",Legacy,11.4,294.1,,,,,
US-GZ3,46.4949,-116.8019,713.0,CRO,Csb,"Genesee, ID On-farm site Zone 3",Legacy,11.4,294.1,,,,,
US-Ha1,42.5378,-72.1715,340.0,DBF,Dfb,Harvard Forest EMS Tower (HFR1),CC-BY-4.0,6.62,1071.0,1991.0,2025.0,Y,Y,Y
US-Ha2,42.5393,-72.1779,360.0,ENF,Dfb,Harvard Forest Hemlock Site,CC-BY-4.0,6.56,1071.0,2004.0,2025.0,,Y,Y
US-Ha3,42.539,-72.174,340.0,WET,Dfb,Harvard Forest Beaver Swamp,CC-BY-4.0,6.62,1071.0,,,,,
US-HB1,33.3455,-79.1957,0.1,WET,Cfa,North Inlet Crab Haul Creek,CC-BY-4.0,18.3,1429.0,2018.0,2024.0,Y,Y,Y
US-HB2,33.3242,-79.244,4.7,ENF,Cfa,Hobcaw Barony Mature Longleaf Pine,CC-BY-4.0,18.3,1429.0,2018.0,2024.0,Y,Y,Y
US-HB3,33.3482,-79.2322,7.3,ENF,Cfa,Hobcaw Barony Longleaf Pine Restoration,CC-BY-4.0,18.3,1429.0,2019.0,2024.0,Y,Y,Y
US-HB4,33.2015,-79.2975,1.0,WET,Cfa,Minim Creek Brackish Impoundment,CC-BY-4.0,18.3,1429.0,2020.0,2024.0,Y,Y,Y
US-HB5,33.079,-79.538,5.9,ENF,Cfa,Francis Marion National Forest Longleaf Pine Restoration,CC-BY-4.0,18.0,1359.0,,,,,
US-HB6,33.4903,-79.4172,15.0,ENF,Cfa,Loblolly rotation - well drained soils,CC-BY-4.0,18.3,1429.0,,,,,
US-HB7,33.3472,-79.1985,5.0,WET,Cfa,Hobcaw Barony Ghost Forest,CC-BY-4.0,18.3,1429.0,,,,,
US-HBa,33.5,-79.945,17.9,CRO,Cfa,Climate Smart 1: Afforestation,CC-BY-4.0,18.3,1429.0,,,,,
US-HBb,34.037,-80.553,48.0,CRO,Cfa,Climate-Smart 2: Afforestation,CC-BY-4.0,18.3,1429.0,,,,,
US-HBK,43.9397,-71.7181,367.0,DBF,Dfb,Hubbard Brook Experimental Forest,CC-BY-4.0,6.0,1400.0,2016.0,2024.0,,Y,Y
US-Hn1,46.4089,-119.275,118.58,OSH,Bsk,Hanford 300 Area,CC-BY-4.0,12.8,197.0,,,,,
US-Hn2,46.6889,-119.4641,117.5,GRA,Bsk,Hanford 100H grassland,CC-BY-4.0,12.8,197.0,2015.0,2018.0,Y,Y,Y
US-Hn3,46.6878,-119.4614,120.9,OSH,Bsk,Hanford 100H sagebrush,CC-BY-4.0,12.8,197.0,2017.0,2018.0,Y,Y,Y
US-Ho1,45.2041,-68.7402,60.0,ENF,Dfb,Howland Forest (main tower),CC-BY-4.0,5.27,1070.0,1996.0,2025.0,Y,Y,Y
US-Ho2,45.2091,-68.747,61.0,ENF,Dfb,Howland Forest (west tower),CC-BY-4.0,5.13,1064.0,1999.0,2025.0,Y,Y,Y
US-Ho3,45.2072,-68.725,61.0,ENF,Dfb,Howland Forest (harvest site),CC-BY-4.0,5.31,1072.0,2003.0,2024.0,,Y,Y
US-HPY,40.7692,-74.0853,1.0,WET,Cfa,Hawk Property,Legacy,11.5,1120.0,,,,,
US-HRA,34.5852,-91.7517,,CRO,Cfa,Humnoke Farm Rice Field – Field A,CC-BY-4.0,16.7,1250.0,2015.0,2017.0,,Y,Y
US-HRC,34.5888,-91.7517,,CRO,Cfa,Humnoke Farm Rice Field – Field C,CC-BY-4.0,16.7,1250.0,2015.0,2017.0,,Y,Y
US-HRN,34.5955,-91.7132,61.0,CRO,Cfa,Humnoke Carr North Rice Field,Legacy,16.7,1250.0,,,,,
US-HRo,41.9601,-70.0563,0.406,WET,Dfb,Herring River Old County,CC-BY-4.0,9.9,1195.0,,,,,
US-HRP,41.938,-70.0552,0.5,WET,Dfb,Herring River Phragmites,CC-BY-4.0,9.9,1195.0,,,,,
US-HRS,34.5922,-91.7138,61.0,CRO,Cfa,Humnoke Carr South Rice Field,Legacy,16.78,1250.3,,,,,
US-Hsm,38.2368,-122.0212,1.113,WET,Csa,Hill Slough Marsh,CC-BY-4.0,15.6,450.0,2021.0,2025.0,Y,Y,Y
US-HVa,69.1423,-148.8412,298.0,WET,Dfc,Happy Valley,Legacy,-10.29,217.0,1994.0,1995.0,,,Y
US-HVs,69.1672,-148.8569,320.0,WET,ET,Happy Valley Wet Sedge Tundra,CC-BY-4.0,-10.29,217.0,1995.0,1995.0,Y,Y,Y
US-HWB,40.8608,-77.8488,378.0,CVM,Dfb,USDA ARS Pasture Sytems and Watershed Management Research Unit- Hawbecker Site,CC-BY-4.0,10.1,1006.35,2015.0,2018.0,Y,Y,Y
US-IAA,42.0004,-93.7068,307.7,CRO,Dfa,Iowa State University NW tower,CC-BY-4.0,10.6,912.0,,,,,
US-IAB,42.0001,-93.7016,314.4,CRO,Dfa,Iowa State University NE tower,CC-BY-4.0,10.6,912.0,2019.0,2024.0,,Y,Y
US-IAC,41.9984,-93.7016,315.0,CRO,Dfa,Iowa State University SE tower,CC-BY-4.0,10.6,912.0,2019.0,2024.0,,Y,Y
US-IAM,41.9994,-93.7042,314.0,CRO,Dfa,Iowa State University Miscanthus,CC-BY-4.0,10.6,912.0,2019.0,2024.0,,Y,Y
US-IB1,41.8593,-88.2227,226.5,CRO,Dfa,Fermi National Accelerator Laboratory- Batavia (Agricultural site),CC-BY-4.0,9.18,929.23,2005.0,2018.0,,Y,Y
US-IB2,41.8406,-88.241,226.5,GRA,Dfa,Fermi National Accelerator Laboratory- Batavia (Prairie site),CC-BY-4.0,9.04,930.25,2004.0,2018.0,,Y,Y
US-ICh,68.6068,-149.2958,940.0,OSH,ET,Imnavait Creek Watershed Heath Tundra,CC-BY-4.0,-7.4,318.0,2007.0,2025.0,Y,Y,Y
US-ICs,68.6058,-149.311,920.0,WET,ET,Imnavait Creek Watershed Wet Sedge Tundra,CC-BY-4.0,-7.4,318.0,2007.0,2025.0,Y,Y,Y
US-ICt,68.6063,-149.3041,930.0,OSH,ET,Imnavait Creek Watershed Tussock Tundra,CC-BY-4.0,-7.4,318.0,2007.0,2025.0,Y,Y,Y
US-IL1,27.1879,-81.1996,14.7,GRA,Cfa,Paspalum notatum long rotational grazing,CC-BY-4.0,22.5,1300.0,,,,,
US-INa,39.8273,-86.179,,URB,Cfa,INFLUX - Cemetery Turfgrass Tower,CC-BY-4.0,,,2017.0,2019.0,,Y,Y
US-INb,39.8706,-86.0024,,URB,Cfa,INFLUX - Golf Course,CC-BY-4.0,,,2018.0,2019.0,,Y,Y
US-INc,39.7833,-86.1652,,URB,Cfa,INFLUX - Downtown Indianapolis (Site-3),CC-BY-4.0,,,2020.0,2024.0,,Y,Y
US-INd,39.8645,-86.5005,,CRO,Cfa,INFLUX - Agricultural Site East near Pittsboro,CC-BY-4.0,,,2017.0,2018.0,,Y,Y
US-INe,39.8632,-86.5083,,CRO,Cfa,INFLUX - Agricultural Site West near Pittsboro,CC-BY-4.0,,,2017.0,2019.0,,Y,Y
US-INf,39.7978,-86.0183,,URB,Cfa,INFLUX - East 21st St (Site 2),CC-BY-4.0,,,2013.0,2013.0,,Y,Y
US-INg,39.7739,-86.2724,,URB,Cfa,INFLUX - Wayne Twp Comm (Site-7),CC-BY-4.0,,,2019.0,2024.0,,Y,Y
US-INi,39.8167,-85.7005,,CRO,Cfa,INFLUX - Agricultural Site East of Indianapolis (Site-9a),CC-BY-4.0,,,2019.0,2022.0,,Y,Y
US-INj,39.8766,-85.7066,,CRO,Cfa,INFLUX - Agricultural Site East of Indianapolis (Site-9b),CC-BY-4.0,,,2020.0,2023.0,,Y,Y
US-INn,39.9468,-86.788,,CRO,Cfa,INFLUX - Agricultural Site West of Indianapolis (Site-14a),CC-BY-4.0,,,2019.0,2021.0,,Y,Y
US-INp,39.9477,-86.7821,,CRO,Cfa,INFLUX - Agricultural Site West of Indianapolis (Site-14b),CC-BY-4.0,,,2020.0,2021.0,,Y,Y
US-IS1,39.89,-88.21,202.73,CRO,Dfa,Illinois SmartFarm - Pesotum Eddy Covariance Site,CC-BY-4.0,11.0,991.0,,,,,
US-IS2,39.88,-88.15,198.19,CRO,Dfa,Illinois SmartFarm - Villa Grove Eddy Covariance Site,CC-BY-4.0,11.0,991.0,,,,,
US-IS3,40.01,-88.29,220.0,CRO,Dfa,Illinois SmartFarm - Bondville Eddy Covariance Site,CC-BY-4.0,11.0,991.0,,,,,
US-Ivo,68.4865,-155.7503,568.0,WET,ET,Ivotuk,Legacy,-8.28,304.0,2003.0,2016.0,,,Y
US-JFM,39.3757,-123.752,280.0,ENF,Csb,"Mitchell Creek: Jackson Demonstration State Forest, Intermediate Second-Growth Redwood",CC-BY-4.0,14.0,1400.0,,,,,
US-JFP,39.3616,-123.6562,121.0,ENF,Csb,"South Parlin: Jackson Demonstration State Forest, Young Second-Growth Redwood",CC-BY-4.0,14.0,1400.0,,,,,
US-JLN,39.0574,-75.7531,17.0,WET,Cfa,Jackson Lane - natural,Legacy,13.1,1120.0,,,,,
US-JLR,39.0543,-75.7531,17.0,WET,Cfa,Jackson Lane - restored,Legacy,13.1,1120.0,,,,,
US-Jo1,32.582,-106.635,1188.0,OSH,Bwk,Jornada Experimental Range Bajada Site,CC-BY-4.0,14.7,245.1,2010.0,2022.0,Y,Y,Y
US-Jo2,32.5849,-106.6032,1469.0,OSH,Bwk,Jornada Experimental Range Mixed Shrubland,CC-BY-4.0,17.5,282.3,2010.0,2020.0,Y,Y,Y
US-Jo3,32.7123,-106.8303,,BSV,Bwk,Jornada Experimental Range Red Lake Playa,CC-BY-4.0,14.7,245.1,,,,,
US-JRn,39.6789,-80.1646,384.048,GRA,Cfa,WV Jacks Run,CC-BY-4.0,13.2,1095.5,2017.0,2019.0,,Y,Y
US-Jxg,32.5833,-106.8333,1331.0,OSH,Bwk,Jornada Experimental Range Historic Grassland,Legacy,14.8,257.0,,,,,
US-Jxn,32.6335,-106.8334,1324.0,OSH,,Jornada Experimental Range Novel Grassy Shrubland,Legacy,,,,,,,
US-Jxs,32.6502,-106.8334,1328.0,OSH,Bwk,Jornada Experimental Range Shrubland,Legacy,14.8,256.0,,,,,
US-KCM,44.6886,-93.0728,290.0,CRO,Dfa,KCMP Tall Tower,Legacy,6.4,879.0,,,,,
US-KEY,36.905,-102.023,1138.0,CRO,Bsk,ARPAE-SMARTFARM-OK-Sorghum,Legacy,13.5,375.0,,,,,
US-KFB,39.0745,-96.5951,330.0,GRA,Cfa,Konza Prairie LTER (4B),CC-BY-4.0,12.77,867.0,,,,,
US-KFS,39.0561,-95.1907,310.0,GRA,Cfa,Kansas Field Station,CC-BY-4.0,12.0,1014.0,2007.0,2019.0,Y,Y,Y
US-KGF,43.1717,-70.9259,35.0,GRA,Dfb,Kingman Farm,Legacy,8.9,1170.0,,,,,
US-KL1,42.4847,-85.4422,264.6,CRO,Dfa,KBS Lux Arbor Reserve Corn,CC-BY-4.0,9.9,1027.0,2009.0,2021.0,,Y,Y
US-KL2,42.4768,-85.4468,258.3,GRA,Dfa,KBS Lux Arbor Reserve Switchgrass,CC-BY-4.0,9.9,1027.0,2009.0,2021.0,,Y,Y
US-KL3,42.4735,-85.4473,264.7,GRA,Dfa,KBS Lux Arbor Reserve Prairie,CC-BY-4.0,9.9,1027.0,2009.0,2021.0,,Y,Y
US-KLS,38.7745,-97.5684,373.0,GRA,Cfa,Kansas Land Institute,CC-BY-4.0,12.0,812.0,2012.0,2019.0,Y,Y,Y
US-KM1,42.4376,-85.3287,258.1,CRO,Dfa,KBS Marshall Farms Corn,CC-BY-4.0,9.9,1027.0,2009.0,2021.0,,Y,Y
US-KM2,42.4441,-85.3098,259.1,GRA,Dfa,KBS Marshall Farms Prairie,CC-BY-4.0,9.9,1027.0,2009.0,2021.0,,Y,Y
US-KM3,42.4464,-85.3105,262.1,GRA,Dfa,KBS Marshall Farms Switchgrass,CC-BY-4.0,9.9,1027.0,2009.0,2021.0,,Y,Y
US-KM4,42.4423,-85.3301,246.3,GRA,Dfa,KBS Marshall Farms Smooth Brome Grass (Ref),CC-BY-4.0,9.9,1027.0,2009.0,2021.0,,Y,Y
US-Kon,39.0824,-96.5603,417.0,GRA,Cfa,Konza Prairie LTER (KNZ),CC-BY-4.0,12.77,867.0,2004.0,2019.0,Y,Y,Y
US-KPL,60.5382,-150.5061,100.6,WET,Dfc,Lily Lake Fen,CC-BY-4.0,1.76,375.8,2021.0,2024.0,Y,Y,Y
US-KS1,28.4583,-80.6709,1.0,ENF,Cwa,Kennedy Space Center (slash pine),CC-BY-4.0,21.9,1266.0,2002.0,2003.0,Y,Y,Y
US-KS2,28.6086,-80.6715,3.0,CSH,Cwa,Kennedy Space Center (scrub oak),CC-BY-4.0,21.66,1294.0,1999.0,2006.0,Y,Y,Y
US-KS3,28.7084,-80.7427,0.0,WET,Cfa,Kennedy Space Center (salt marsh),CC-BY-4.0,22.3,1340.0,2018.0,2019.0,Y,Y,Y
US-KS4,28.6,-80.7207,0.5,WET,Cwa,Kennedy Space Center (Spartina marsh),Legacy,22.3,1340.0,2017.0,2022.0,,,Y
US-KSA,42.9572,-89.2924,269.0,GRA,Dfb,Kegonsa Solar Array,CC-BY-4.0,8.3,943.0,,,,,
US-KSC,42.9596,-89.2923,278.0,CRO,Dfb,Kegonsa Solar - Control,CC-BY-4.0,8.3,943.0,,,,,
US-KSP,42.9572,-89.2924,269.0,CRO,Dfb,Kegonsa Solar - Pretreatment,CC-BY-4.0,8.3,943.0,,,,,
US-KUO,44.9984,-93.1884,301.0,URB,Dfa,KUOM tower,CC-BY-4.0,7.9,777.0,,,,,
US-KUT,44.995,-93.1863,301.0,GRA,Dfa,KUOM Turfgrass Field,CC-BY-4.0,7.9,777.0,2005.0,2009.0,,Y,Y
US-Kyv,39.3447,-77.8859,185.0,CRO,Cfa,Apple Orchard ARS Kearneysville WV,CC-BY-4.0,11.78,964.0,,,,,
US-LA1,29.5013,-90.4449,0.0,WET,Cfa,Pointe-aux-Chenes Brackish Marsh,CC-BY-4.0,20.7,1625.0,2011.0,2012.0,,Y,Y
US-LA2,29.8587,-90.2869,0.0,WET,Cfa,Salvador WMA Freshwater Marsh,CC-BY-4.0,20.2,1655.0,2011.0,2023.0,,Y,Y
US-LA3,29.4936,-89.9153,0.2,WET,Cfa,Barataria Bay Saline Marsh,CC-BY-4.0,20.9,1623.0,2019.0,2023.0,Y,Y,Y
US-LCW,33.7522,-118.0971,0.0,WET,Csa,Los Cerritos Wetland,CC-BY-4.0,18.28,305.0,,,,,
US-LGr,34.1377,-101.4787,1026.0,GRA,Bsh,Lockney Grassland,Legacy,15.0,450.0,,,,,
US-Lin,36.3566,-119.0922,131.0,CRO,,Lindcove Orange Orchard,CC-BY-4.0,,,2009.0,2010.0,Y,Y,Y
US-LL1,31.2792,-84.5329,165.0,SAV,Cfa,Longleaf Pine - Baker (Mesic site),CC-BY-4.0,20.0,1310.0,2009.0,2020.0,,Y,Y
US-LL2,31.201,-84.4449,155.0,SAV,Cfa,Longleaf Pine - Dubignion (Intermediate site),CC-BY-4.0,20.0,1310.0,2009.0,2017.0,,Y,Y
US-LL3,31.2688,-84.4787,159.5,SAV,Cfa,Longleaf Pine - Red Dirt (Xeric site),CC-BY-4.0,20.0,1310.0,2009.0,2017.0,,Y,Y
US-LMA,33.7275,-90.485,39.0,CRO,Cfa,Mississippi ARS Arant ASP,CC-BY-4.0,17.29,1418.0,,,,,
US-LMB,33.7283,-90.473,39.0,CRO,Cfa,Mississippi ARS Arant Bau,CC-BY-4.0,17.29,1418.0,,,,,
US-LMS,34.1431,-90.6591,56.2,CRO,Cfa,LMRB LTAR Schmidt Farm,Legacy,15.79,1371.6,,,,,
US-LMW,34.1536,-90.6486,49.3,CRO,Cfa,Mississippi ARS Watts,CC-BY-4.0,16.92,1379.0,,,,,
US-Los,46.0827,-89.9792,480.0,WET,Dfb,Lost Creek,CC-BY-4.0,4.08,828.0,2000.0,2025.0,,Y,Y
US-LPH,42.5419,-72.185,377.5,DBF,Dfb,Little Prospect Hill,Legacy,6.73,1071.0,2002.0,2005.0,,,Y
US-LS1,31.5615,-110.1403,1230.0,GRA,Bwh,San Pedro River Lewis Springs Sacaton Grassland,CC-BY-4.0,17.0,288.0,2003.0,2007.0,,Y,Y
US-LS2,31.5659,-110.1344,1240.0,SAV,Bwh,San Pedro River Lewis Springs Savanna,CC-BY-4.0,17.0,288.0,2003.0,2007.0,Y,Y,Y
US-LU1,38.5048,-92.2487,187.0,CVM,Cfa,Missouri-Moreau River Basin USDA Certified Organic Farm,CC-BY-4.0,13.5,973.0,,,,,
US-LWW,34.9604,-97.9789,365.0,GRA,Cfa,Little Washita Watershed,Legacy,16.09,805.12,1997.0,1998.0,,,Y
US-MAC,27.1632,-81.1873,,WET,Cwa,MacArthur Agro-Ecology,Legacy,,,,,,,
US-MBP,47.5051,-93.4893,416.0,WET,,Marcell Bog Lake Peatland,CC-BY-4.0,3.4,780.0,2009.0,2024.0,,Y,Y
US-MC1,48.1873,-114.1548,900.0,CRO,Dfb,"Creston, Montana pivot-irrigated spring wheat",CC-BY-4.0,6.25,432.0,2015.0,2015.0,,Y,Y
US-MC2,48.1802,-114.2051,900.0,CRO,Dfb,"Creston, Montana pivot-irrigated spring wheat 2",CC-BY-4.0,6.25,432.0,2016.0,2016.0,,Y,Y
US-MCP,36.783,-121.769,0.0,WET,Cfc,"Moro Cojo Slough, PG&E Treatment Wetland",CC-BY-4.0,10.0,894.0,2023.0,2025.0,,Y,Y
US-Me1,44.5794,-121.5,896.0,ENF,Csb,Metolius - Eyerly burn,CC-BY-4.0,7.88,704.61,2004.0,2005.0,Y,Y,Y
US-Me2,44.4526,-121.5589,1253.0,ENF,Csb,Metolius mature ponderosa pine,CC-BY-4.0,6.28,523.0,2002.0,2025.0,Y,Y,Y
US-Me3,44.3154,-121.6078,1005.0,ENF,Csb,Metolius-second young aged pine,CC-BY-4.0,7.07,719.0,2004.0,2009.0,Y,Y,Y
US-Me4,44.4992,-121.6224,922.0,ENF,Csb,Metolius-old aged ponderosa pine,CC-BY-4.0,7.61,1038.82,1996.0,2025.0,,Y,Y
US-Me5,44.4372,-121.5668,1188.0,ENF,Csb,Metolius-first young aged pine,CC-BY-4.0,6.47,590.81,1999.0,2002.0,,Y,Y
US-Me6,44.3233,-121.6078,998.0,ENF,Csb,Metolius Young Pine Burn,CC-BY-4.0,7.59,494.0,2010.0,2025.0,Y,Y,Y
US-Me7,44.4534,-121.5619,1253.0,ENF,Csb,Metolius Low Burn Severity Subcanopy,CC-BY-4.0,6.28,523.0,2022.0,2023.0,,Y,Y
US-MEF,39.1006,-105.1024,2367.0,ENF,Dfb,Manitou Experimental Forest,CC-BY-4.0,5.0,368.47,2024.0,2025.0,,Y,Y
US-Men,43.0772,-89.403,260.0,WAT,Dfa,"Lake Mendota, Center for Limnology Site",CC-BY-4.0,7.94,875.0,2012.0,2018.0,,Y,Y
US-MFs,43.1385,-70.961,20.0,CRO,Dfb,Moore Fields,Legacy,8.9,1170.0,,,,,
US-MG1,46.6996,-114.0353,1043.0,GRA,Dwb,MPG Ranch Rangeland Restoration,CC-BY-4.0,7.06,317.8,,,,,
US-MH1,45.9206,-108.2414,919.6,CRO,Bsk,"Huntley, Montana irrigated barley site 1",CC-BY-4.0,8.9,347.0,2015.0,2015.0,,Y,Y
US-MH2,45.9699,-108.1978,891.0,CRO,Bsk,"Huntley, Montana irrigated barley site 2",CC-BY-4.0,8.9,347.0,2016.0,2016.0,,Y,Y
US-Mi1,41.7727,-80.6313,290.0,CVM,Dfb,LTAR UCB (Upper Chesapeake Bay) Miscanthus 1,CC-BY-4.0,10.5,1012.7,2015.0,2019.0,,Y,Y
US-Mi2,41.5479,-80.855,280.0,CVM,Dfb,LTAR UCB (Upper Chesapeake Bay) Miscanthus 2,CC-BY-4.0,10.5,1012.7,2015.0,2017.0,,Y,Y
US-Mi3,41.8222,-80.637,270.0,CVM,Dfb,LTAR UCB (Upper Chesapeake Bay) Miscanthus 3,CC-BY-4.0,10.5,1012.7,2015.0,2019.0,,Y,Y
US-Mj1,46.9948,-109.6137,1285.0,CRO,Bsk,Montana Judith Basin wheat field,CC-BY-4.0,6.6,388.0,2013.0,2014.0,,Y,Y
US-Mj2,46.9957,-109.6295,1277.0,CRO,Bsk,Montana Judith Basin summer fallow field,CC-BY-4.0,6.6,388.0,2014.0,2014.0,,Y,Y
US-MKG,40.9452,-116.1701,5361.0,OSH,Bsh,Maggie Creek Fall Grazed,CC-BY-4.0,8.1,277.86,,,,,
US-MKH,40.9882,-116.1633,5431.0,GRA,Bsh,Maggie Creek Hay Meadow,CC-BY-4.0,7.6,295.77,,,,,
US-MKN,40.8941,-116.18,5258.0,OSH,Bsh,Maggie Creek Non-grazed,CC-BY-4.0,7.9,288.24,,,,,
US-MMS,39.3232,-86.4131,275.0,DBF,Cfa,Morgan Monroe State Forest,CC-BY-4.0,10.85,1032.0,1999.0,2025.0,Y,Y,Y
US-MN1,45.6168,-96.1269,339.0,CRO,Dwb,"Morris: Corn-Soybean with Cover Crops, Strip Tillage",CC-BY-4.0,5.7,684.5,2017.0,2024.0,Y,Y,Y
US-MN2,45.627,-96.1271,339.0,CRO,Dwb,"Morris: Corn-Soybean-Wheat with Cover Crops, Minimal Tillage",CC-BY-4.0,5.7,684.5,2017.0,2024.0,Y,Y,Y
US-MN3,45.6091,-96.1265,339.0,CRO,Dwb,"Morris: Corn-Soybean, Conventional Tillage",CC-BY-4.0,5.7,684.5,2020.0,2024.0,Y,Y,Y
US-Mo1,39.2298,-92.1167,260.0,CRO,Cfa,LTAR CMRB Field 1 (CMRB ASP),CC-BY-4.0,12.0,981.0,2015.0,2024.0,Y,Y,Y
US-Mo2,38.9488,-91.9945,275.0,GRA,Cfa,LTAR CMRB Tucker Prairie (CMRB TP),CC-BY-4.0,12.0,981.0,2018.0,2024.0,Y,Y,Y
US-Mo3,39.2322,-92.1493,261.0,CRO,Cfa,LTAR CMRB Field 3 (CMRB BAU),CC-BY-4.0,12.0,981.0,2016.0,2023.0,Y,Y,Y
US-MOz,38.7441,-92.2,219.4,DBF,Cfa,Missouri Ozark Site,CC-BY-4.0,12.11,986.0,2004.0,2021.0,Y,Y,Y
US-Mpj,34.4385,-106.2377,2196.0,WSA,Bsk,Mountainair Pinyon-Juniper Woodland,CC-BY-4.0,10.5,385.0,2008.0,2025.0,Y,Y,Y
US-MRf,44.6465,-123.5515,263.0,ENF,Csb,Mary's River (Fir) site,Legacy,10.24,1819.59,2006.0,2011.0,,,Y
US-MRM,40.8164,-74.0435,1.0,WET,Cfa,Marsh Resource Meadowlands Mitigation Bank,Legacy,13.5,1120.0,,,,,
US-MSR,47.4758,-111.7207,1110.0,CRO,Bsk,Montana Sun River winter wheat,CC-BY-4.0,7.0,374.0,2016.0,2016.0,,Y,Y
US-MtB,32.416,-110.7256,2573.0,ENF,Dwb,Mt Bigelow,CC-BY-4.0,9.3,790.0,2009.0,2024.0,Y,Y,Y
US-Mur,36.7436,-88.8545,125.0,WET,Cfa,Murphy's Pond,CC-BY-4.0,13.25,1586.0,,,,,
US-MVF,47.6867,-111.4659,1128.0,CRO,Bsk,Montana Vaughn Fallow,CC-BY-4.0,7.0,374.0,2017.0,2017.0,,Y,Y
US-MVW,47.6729,-111.4889,1134.0,CRO,Bsk,Montana Vaughn Wheat,CC-BY-4.0,7.0,374.0,2017.0,2017.0,,Y,Y
US-MWA,42.2143,-84.8539,290.0,CRO,Dfa,Jackson Agricultural Field,Legacy,9.11,800.0,2018.0,2021.0,,,Y
US-MWF,42.366,-85.3526,256.0,MF,Dfa,Kellogg Experimental Forest,Legacy,9.0,842.0,2018.0,2021.0,,,Y
US-MWS,42.7293,-84.4737,261.0,URB,Dfa,Michigan State University Campus Site - Spartans,Legacy,9.1,807.0,2017.0,2021.0,,,Y
US-MWU,42.3228,-85.1871,256.0,URB,Dfa,Battle Creek Area Mathematics and Science Center,Legacy,9.0,842.0,2018.0,2021.0,,,Y
US-MWW,42.6689,-86.0229,209.0,WET,Dfa,Allegan Wetland,Legacy,10.0,926.0,2018.0,2021.0,,,Y
US-Myb,38.0499,-121.765,-4.0,WET,Csa,Mayberry Wetland,CC-BY-4.0,15.9,338.0,2010.0,2025.0,Y,Y,Y
US-MZA,43.0441,-76.7897,124.0,WET,Dfb,"Hidden Marsh, Montezuma NWR",CC-BY-4.0,9.0,940.0,2024.0,2025.0,,Y,Y
US-NC1,35.8118,-76.7119,5.0,ENF,Cfa,NC_Clearcut,CC-BY-4.0,16.6,1320.0,2005.0,2012.0,Y,Y,Y
US-NC2,35.803,-76.6685,5.0,ENF,Cfa,NC_Loblolly Plantation,CC-BY-4.0,16.6,1320.0,2005.0,2025.0,,Y,Y
US-NC3,35.799,-76.656,5.0,ENF,Cfa,NC_Clearcut#3,CC-BY-4.0,16.6,1320.0,2013.0,2021.0,Y,Y,Y
US-NC4,35.7879,-75.9038,1.0,WET,Cfa,NC_AlligatorRiver,CC-BY-4.0,16.6,1311.0,2009.0,2025.0,Y,Y,Y
US-NC5,36.1565,-78.7878,122.0,ENF,Cfa,NC Butner Farm,CC-BY-4.0,15.5,1330.0,,,,,
US-Ne1,41.1651,-96.4766,361.0,CRO,Dfa,Mead - irrigated continuous maize site,CC-BY-4.0,10.07,790.37,2001.0,2024.0,Y,Y,Y
US-Ne2,41.1649,-96.4701,362.0,CRO,Dfa,Mead - irrigated maize-soybean rotation site,CC-BY-4.0,10.08,788.89,2001.0,2024.0,Y,Y,Y
US-Ne3,41.1797,-96.4397,363.0,CRO,Dfa,Mead - rainfed maize-soybean rotation site,CC-BY-4.0,10.11,783.68,2001.0,2024.0,,Y,Y
US-NGB,71.28,-156.6092,5.273,SNO,ET,NGEE Arctic Barrow,CC-BY-4.0,-11.27,171.0,2012.0,2023.0,Y,Y,Y
US-NGC,64.8618,-163.7002,35.0,GRA,ET,NGEE Arctic Council,CC-BY-4.0,,,2017.0,2023.0,Y,Y,Y
US-NMj,46.6465,-88.5194,394.0,ENF,Dfb,Northern Michigan Jack Pine Stand,CC-BY-4.0,4.73,854.01,2001.0,2003.0,,Y,Y
US-NP1,46.7756,-100.951,593.0,CRO,Bsh,Business-As-Usual Management (mandanh5),CC-BY-4.0,5.4,420.0,,,,,
US-NP2,46.7613,-100.9257,590.0,CRO,Bsh,ASPirational Management (mandani2),CC-BY-4.0,5.4,420.0,,,,,
US-NR1,40.0329,-105.5464,3050.0,ENF,Dfc,Niwot Ridge Forest (LTER NWT1),CC-BY-4.0,1.5,800.0,1998.0,2025.0,Y,Y,Y
US-NR2,40.0325,-105.5469,3030.0,ENF,Dfc,Niwot Ridge Forest (USGS site),Legacy,0.43,595.37,,,,,
US-NR3,40.052,-105.5864,3504.0,GRA,ET,Niwot Ridge Alpine (T-Van West),CC-BY-4.0,-2.2,884.0,2007.0,2024.0,,Y,Y
US-NR4,40.052,-105.5859,3502.0,GRA,ET,Niwot Ridge Alpine (T-Van East),CC-BY-4.0,-2.2,884.0,2007.0,2024.0,,Y,Y
US-Nrf,47.0935,-122.6927,8.0,WET,Csb,Nisqually reference,CC-BY-4.0,10.3,1269.0,,,,,
US-Nrs,47.0936,-122.7079,8.0,WET,Csb,Nisqually restoring,CC-BY-4.0,10.3,1269.0,,,,,
US-NSa,36.6029,-119.5061,100.0,CRO,Csa,NASA HAQ - SJV East Irrigated Vineyard,CC-BY-4.0,,,2023.0,2025.0,,Y,Y
US-NSb,36.3354,-120.1183,91.0,CRO,Csa,NASA HAQ - SJV West Irrigated Cotton,CC-BY-4.0,,,2023.0,2025.0,,Y,Y
US-NSW,37.3091,-121.0042,23.5,GRA,Csb,Newman Seasonal Wetlands,Legacy,17.9,294.0,,,,,
US-OF1,35.7371,-90.0492,69.8,CRO,Cfa,Osceola Farm Rice Field - SW,CC-BY-4.0,16.3,1277.1,,,,,
US-OF2,35.7406,-90.0489,69.4,CRO,Cfa,Osceola Farm Rice Field - NW,CC-BY-4.0,16.3,1277.1,,,,,
US-Oho,41.5545,-83.8438,230.0,DBF,Dfa,Oak Openings,CC-BY-4.0,10.1,849.0,2004.0,2013.0,Y,Y,Y
US-OK1,41.5348,-84.8068,274.93,CRO,Dfb,ECB: Site A1 - North Field,Legacy,9.55,975.36,,,,,
US-OK2,41.766,-111.855,274.015,CRO,Dfb,ECB: Site A3 - South Field,Legacy,9.55,975.36,,,,,
US-ONA,27.3836,-81.9509,25.0,GRA,Cfa,Florida pine flatwoods,CC-BY-4.0,22.3,1268.0,2016.0,2022.0,Y,Y,Y
US-OPE,39.0293,-76.8457,40.0,CRO,Cfa,Optimizing Production Inputs for Economic and Environmental Enhancement (OPE3),CC-BY-4.0,13.0,1192.0,2022.0,2022.0,,Y,Y
US-ORv,40.0201,-83.0183,221.0,WET,Cfa,Olentangy River Wetland Research Park,CC-BY-4.0,11.63,1499.1,2011.0,2016.0,Y,Y,Y
US-OWC,41.3795,-82.5125,174.0,WET,Dfb,Old Woman Creek,CC-BY-4.0,10.7,930.0,2015.0,2025.0,Y,Y,Y
US-PAS,27.3944,-81.951,27.1,GRA,Cfa,"Florida, Paspalum notatum pasture",CC-BY-4.0,22.3,1268.0,2021.0,2022.0,Y,Y,Y
US-PeA,31.4123,-106.0788,1092.0,DBF,Bwk,5R Pecan Farm Above Canopy,CC-BY-4.0,14.72,232.66,,,,,
US-PFa,45.9459,-90.2723,470.0,MF,Dfb,Park Falls/WLEF,CC-BY-4.0,4.33,823.0,1995.0,2025.0,,Y,Y
US-PFb,45.972,-90.3232,474.0,ENF,Dfb,NW1 Pine-1 CHEESEHEAD 2019,CC-BY-4.0,4.33,823.0,2019.0,2019.0,Y,Y,Y
US-PFc,45.9677,-90.3088,473.0,DBF,Dfb,NW2 Aspen-1 CHEESEHEAD 2019,CC-BY-4.0,4.33,823.0,2019.0,2019.0,Y,Y,Y
US-PFd,45.9689,-90.301,473.0,WET,Dfb,NW3 Tussock-1 CHEESEHEAD 2019,CC-BY-4.0,4.33,823.0,2019.0,2019.0,Y,Y,Y
US-PFe,45.9793,-90.3004,480.0,WAT,Dfb,NW4 Lake-1 CHEESEHEAD 2019,CC-BY-4.0,4.33,823.0,2019.0,2019.0,Y,Y,Y
US-PFf,45.9458,-90.2944,464.0,GRA,Dfb,NW5 Grass-1 CHEESEHEAD 2019,CC-BY-4.0,4.33,823.0,2019.0,2019.0,,Y,Y
US-PFg,45.9735,-90.2723,475.0,ENF,Dfb,NE1 Pine-2 CHEESEHEAD 2019,CC-BY-4.0,4.33,823.0,2019.0,2019.0,Y,Y,Y
US-PFh,45.9557,-90.2406,463.0,ENF,Dfb,NE2 Pine-3 CHEESEHEAD 2019,CC-BY-4.0,4.33,823.0,2019.0,2019.0,Y,Y,Y
US-PFi,45.9749,-90.2327,488.0,DBF,Dfb,NE3 Hardwood-1 CHEESEHEAD 2019,CC-BY-4.0,4.33,823.0,2019.0,2019.0,Y,Y,Y
US-PFj,45.9619,-90.227,484.0,DBF,Dfb,NE4 Maple-1 CHEESEHEAD 2019,CC-BY-4.0,4.33,823.0,2019.0,2019.0,Y,Y,Y
US-PFk,45.9149,-90.3425,476.0,DBF,Dfb,SW1 Aspen-2 CHEESEHEAD 2019,CC-BY-4.0,4.33,823.0,2019.0,2019.0,Y,Y,Y
US-PFL,45.9409,-90.3177,464.0,DBF,Dfb,SW2 Aspen-3 CHEESEHEAD 2019,CC-BY-4.0,4.33,823.0,2019.0,2019.0,Y,Y,Y
US-PFm,45.9207,-90.3099,484.0,DBF,Dfb,SW3 Hardwood-2 CHEESEHEAD 2019,CC-BY-4.0,4.33,823.0,2019.0,2019.0,Y,Y,Y
US-PFn,45.9392,-90.2823,478.0,DBF,Dfb,SW4 Hardwood-3 CHEESEHEAD 2019,CC-BY-4.0,4.33,823.0,2019.0,2019.0,Y,Y,Y
US-PFo,45.9229,-90.2728,476.0,WAT,Dfb,SE1 Lake-2 CHEESEHEAD 2019,CC-BY-4.0,4.33,823.0,2019.0,2019.0,,Y,Y
US-PFp,45.9365,-90.2641,497.0,DBF,Dfb,SE2 Hardwood-4 CHEESEHEAD 2019,CC-BY-4.0,4.33,823.0,2019.0,2019.0,Y,Y,Y
US-PFq,45.9271,-90.2475,473.0,DBF,Dfb,SE3 Aspen-4 CHEESEHEAD 2019,CC-BY-4.0,4.33,823.0,2019.0,2019.0,Y,Y,Y
US-PFr,45.9245,-90.2475,490.0,WET,Dfb,SE4 Tussock-2 CHEESEHEAD 2019,CC-BY-4.0,4.33,823.0,2019.0,2019.0,Y,Y,Y
US-PFs,45.9381,-90.2382,489.0,DBF,Dfb,SE5 Aspen-5 CHEESEHEAD 2019,CC-BY-4.0,4.33,823.0,2019.0,2019.0,,Y,Y
US-PFt,45.9197,-90.2288,466.0,ENF,Dfb,SE6 Pine-4 CHEESEHEAD 2019,CC-BY-4.0,4.33,823.0,2019.0,2019.0,Y,Y,Y
US-PHM,42.7423,-70.8301,1.4,WET,Dfa,Plum Island High Marsh,CC-BY-4.0,7.2,1262.0,2013.0,2020.0,,Y,Y
US-PiU,26.0004,-80.9261,3.04,WET,Cwa,Pine Upland,CC-BY-4.0,23.1,1312.0,,,,,
US-PLM,42.7345,-70.8382,1.0,WET,Dfa,Plum Island Low Marsh,CC-BY-4.0,8.7,1262.0,,,,,
US-PLo,42.7496,-70.9157,1.4,WET,Dfa,Plum Island Oligohaline Marsh,CC-BY-4.0,8.7,1262.0,2022.0,2023.0,,Y,Y
US-Pnp,43.0896,-89.4158,260.0,WAT,Dfa,"Lake Mendota, Picnic Point Site",CC-BY-4.0,7.94,875.0,2016.0,2024.0,Y,Y,Y
US-Pon,36.7667,-97.1333,310.0,CRO,Cfa,Ponca City,Legacy,14.94,866.34,1997.0,2000.0,,,Y
US-Prr,65.1237,-147.4876,210.0,ENF,Dwc,Poker Flat Research Range Black Spruce Forest,CC-BY-4.0,-2.0,275.0,2010.0,2022.0,Y,Y,Y
US-PSH,36.2347,-119.9247,70.0,DBF,Bsk,USSL San Joaquin Valley Pistachio High,CC-BY-4.0,15.6,191.0,2016.0,2017.0,Y,Y,Y
US-PSL,36.8276,-120.1397,65.0,DBF,Bsk,USSL San Joaquin Valley Pistachio Low,CC-BY-4.0,16.7,311.0,2016.0,2017.0,Y,Y,Y
US-PVA,30.0958,-95.9695,86.5,CRO,Cfa,PVAMU Research Farm,Legacy,20.7,1118.0,,,,,
US-Px1,33.4839,-112.1426,332.0,URB,Bwh,"Phoenix, Maryvale Neighborhood Site",CC-BY-4.0,24.2,183.0,,,,,
US-Px2,33.4785,-112.098,331.0,GRA,Bwh,"Phoenix, Encanto Golf Course",CC-BY-4.0,24.2,203.0,,,,,
US-Px3,33.4582,-111.9428,396.0,BSV,Bwh,"Phoenix, Desert botanical garden site",CC-BY-4.0,24.0,172.0,,,,,
US-Px4,33.4734,-112.0985,331.0,URB,Bwh,"Phoenix, Encanto Vehicle Lot",CC-BY-4.0,24.2,203.0,,,,,
US-Px5,33.3035,-111.6822,404.0,URB,Bwh,ASU Polytech Center for Bio-mediated and Bio-inspired Geotechnics (CBBG) Field Lab,CC-BY-4.0,23.9,229.0,,,,,
US-RC1,46.7837,-117.0777,807.0,CRO,Dsb,Cook Agronomy Farm - No Till,CC-BY-4.0,9.0,550.0,2011.0,2016.0,,Y,Y
US-RC2,46.7776,-117.0807,799.0,CRO,Dsb,Cook Agronomy Farm - Conventional Till,CC-BY-4.0,9.0,550.0,2012.0,2016.0,,Y,Y
US-RC3,46.991,-118.598,,CRO,Dsb,WSU Lind Dryland Research Station,CC-BY-4.0,10.0,280.0,2011.0,2016.0,,Y,Y
US-RC4,46.758,-116.949,817.0,CRO,Dsb,Moscow Mountain on-farm site,CC-BY-4.0,9.0,680.0,2012.0,2016.0,,Y,Y
US-RC5,47.01,-119.248,349.0,CRO,Dsb,Moses Lake on-farm site,CC-BY-4.0,11.0,230.0,2013.0,2015.0,,Y,Y
US-RFE,39.8771,-105.169,1725.0,GRA,Bsk,RockyFlats - East site,Legacy,10.2,468.0,,,,,
US-RFW,39.8751,-105.2184,1864.0,GRA,Bsk,RockyFlats - West site,Legacy,10.2,468.0,,,,,
US-RGA,34.4159,-91.6733,61.0,CRO,Cfa,Arkansas Corn Farm,CC-BY-4.0,16.7,1250.0,2021.0,2025.0,Y,Y,Y
US-RGB,39.5782,-121.8579,33.0,CRO,Csa,Butte County Rice Farm,CC-BY-4.0,16.0,737.0,2021.0,2024.0,Y,Y,Y
US-RGF,37.6995,-121.1369,16.0,CRO,Csa,Stanislaus County Forage Farm,CC-BY-4.0,17.2,31.0,2023.0,2025.0,Y,Y,Y
US-RGG,39.5944,-122.0253,36.0,CRO,Csa,Glenn County Rice Farm,CC-BY-4.0,16.0,610.0,,,,,
US-RGo,39.6805,-122.0026,40.0,CRO,Csa,Glenn County Organic Rice Farm,CC-BY-4.0,16.0,610.0,2021.0,2025.0,Y,Y,Y
US-RGR,34.4346,-91.6892,60.0,CRO,Cfa,Arva Ryan's Field,CC-BY-4.0,18.8,1404.0,,,,,
US-RGW,33.6216,-91.4306,41.0,CRO,Cfa,Desha County Rice Farm,CC-BY-4.0,16.7,1283.0,2022.0,2024.0,Y,Y,Y
US-Rls,43.1439,-116.7356,1608.0,CSH,Bsh,RCEW Low Sagebrush,CC-BY-4.0,8.4,333.0,2014.0,2023.0,Y,Y,Y
US-Rms,43.0645,-116.7486,2111.0,CSH,Bsh,RCEW Mountain Big Sagebrush,CC-BY-4.0,5.4,800.0,2014.0,2023.0,Y,Y,Y
US-Ro1,44.7143,-93.0898,290.0,CRO,Dfa,Rosemount- G21,CC-BY-4.0,6.4,879.0,2004.0,2016.0,Y,Y,Y
US-Ro2,44.7288,-93.0888,292.0,CRO,Dfa,Rosemount- C7,CC-BY-4.0,6.4,879.0,2008.0,2016.0,Y,Y,Y
US-Ro3,44.7217,-93.0893,260.0,CRO,Dfa,Rosemount- G19,CC-BY-4.0,6.4,879.0,2004.0,2007.0,Y,Y,Y
US-Ro4,44.6781,-93.0723,274.0,GRA,Dfa,Rosemount Prairie,CC-BY-4.0,6.4,879.0,2014.0,2025.0,Y,Y,Y
US-Ro5,44.691,-93.0576,283.0,CRO,Dfa,Rosemount I18_South,CC-BY-4.0,6.4,879.0,2017.0,2025.0,Y,Y,Y
US-Ro6,44.6946,-93.0578,282.0,CRO,Dfa,Rosemount I18_North,CC-BY-4.0,6.4,879.0,2017.0,2025.0,Y,Y,Y
US-Rpf,65.1198,-147.429,497.0,DBF,Dwc,Poker Flat Research Range: Succession from fire scar to deciduous forest,CC-BY-4.0,-0.8,450.0,2008.0,2024.0,Y,Y,Y
US-RRC,37.3344,-77.2065,0.1,WET,Dfa,Rice Rivers Center Marsh,CC-BY-4.0,15.4,1117.0,2022.0,2025.0,Y,Y,Y
US-RTS,68.5273,-149.5492,890.0,GRA,ET,Toolik Retrogressive Thaw Slump,CC-BY-4.0,-9.0,330.0,,,,,
US-Rwe,43.0653,-116.7591,2098.0,CSH,Bsh,RCEW Reynolds Mountain East,CC-BY-4.0,5.4,800.0,2003.0,2007.0,Y,Y,Y
US-Rwf,43.1207,-116.7231,1878.0,CSH,Bsh,RCEW Upper Sheep Prescibed Fire,CC-BY-4.0,6.5,505.0,2014.0,2023.0,Y,Y,Y
US-Rws,43.1675,-116.7132,1425.0,OSH,Bsk,Reynolds Creek Wyoming big sagebrush,CC-BY-4.0,8.9,290.0,2014.0,2023.0,Y,Y,Y
US-Sag,69.5131,-148.5676,170.0,WET,Dfc,Sag River,CC-BY-4.0,-8.0,121.0,1996.0,1996.0,Y,Y,Y
US-SB1,37.5734,-79.0848,242.0,ENF,Cfa,Sweet Briar Land-Atmosphere Research Station,CC-BY-4.0,12.7,1016.0,2015.0,2024.0,,Y,Y
US-SB2,37.5607,-79.0883,240.0,CRO,Cfa,Sweet Briar Grass,Legacy,12.7,1016.0,,,,,
US-SB3,37.5752,-79.0872,253.0,ENF,Cfa,Sweet Briar Clearcut,Legacy,12.7,1016.0,,,,,
US-SBR,33.734,-118.0672,0.0,WET,Csa,Seal Beach National Wildlife Refuge,CC-BY-4.0,18.28,305.0,,,,,
US-SCc,33.6094,-116.4505,1280.0,OSH,,Southern California Climate Gradient - Desert Chaparral,Legacy,,,,,,,
US-SCd,33.6518,-116.3721,275.0,BSV,,Southern California Climate Gradient - Sonoran Desert,Legacy,,,2006.0,2014.0,,,Y
US-SCf,33.8079,-116.7717,1770.0,MF,,Southern California Climate Gradient - Oak/Pine Forest,Legacy,,,2006.0,2015.0,,,Y
US-SCg,33.7365,-117.6946,465.0,GRA,,Southern California Climate Gradient - Grassland,Legacy,,,2006.0,2016.0,,,Y
US-SCs,33.7343,-117.6959,470.0,OSH,,Southern California Climate Gradient - Coastal Sage,Legacy,,,2006.0,2016.0,,,Y
US-SCw,33.6047,-116.4527,1281.0,OSH,,Southern California Climate Gradient - Pinyon/Juniper Woodland,Legacy,,,2006.0,2016.0,,,Y
US-SD1,41.2048,-86.0296,,CRO,,Shatto Ditch Paired Cropland - Site 1 (Corn/Soy; No Cover Crops),CC-BY-4.0,11.45,946.16,2023.0,2025.0,,Y,Y
US-SD2,41.1785,-85.9977,,CRO,,Shatto Ditch Paired Cropland - Site 2 (Corn/Soy; Cover Crops),CC-BY-4.0,,,2023.0,2025.0,,Y,Y
US-SdH,42.0693,-101.4072,1081.0,GRA,Dsb,Nebraska SandHills Dry Valley,CC-BY-4.0,,,2004.0,2009.0,,Y,Y
US-SDU,39.6594,-105.0127,1618.0,URB,Bsk,South Denver Urban Tower,Legacy,10.04,406.0,,,,,
US-Seg,34.3623,-106.702,1596.0,GRA,Bsk,Sevilleta grassland,CC-BY-4.0,13.667,273.304,2007.0,2025.0,Y,Y,Y
US-Ses,34.3349,-106.7442,1604.0,OSH,Bsk,Sevilleta shrubland,CC-BY-4.0,13.722,275.082,2007.0,2025.0,Y,Y,Y
US-SFP,43.2408,-96.902,386.0,CRO,,Sioux Falls Portable,Legacy,,,2007.0,2009.0,,,Y
US-SHC,39.4315,-120.2398,1934.0,ENF,Dsb,Sagehen Creek Field Station,CC-BY-4.0,5.3,827.0,2017.0,2020.0,Y,Y,Y
US-Shd,36.9333,-96.6833,346.0,GRA,Cfa,Shidler- Oklahoma,Legacy,14.32,897.91,1997.0,2000.0,,,Y
US-SHS,40.8052,-74.0457,1.0,WET,Cfa,Secaucus High School Site,Legacy,13.5,1120.0,,,,,
US-Si1,38.1747,-121.5047,-3.8,CRO,Csb,Staten Island Fallow,Legacy,15.0,328.1,,,,,
US-Si2,38.1758,-121.5167,-3.8,CRO,Csb,Staten Island Flooded,Legacy,15.0,328.1,,,,,
US-SJ1,33.6623,-117.8514,3.0,WET,,San Joaquin (Freshwater Marsh Tower 1),Legacy,,,,,,,
US-SJ2,33.6596,-117.855,3.0,WET,,San Joaquin (Freshwater Marsh Tower 2),Legacy,,,,,,,
US-Skr,25.3629,-81.0776,0.0,EBF,Cwa,Shark River Slough (Tower SRS-6) Everglades,Legacy,23.77,1259.0,2004.0,2023.0,,,Y
US-Slt,39.9138,-74.596,30.0,DBF,Dfa,Silas Little- New Jersey,CC-BY-4.0,11.04,1138.0,2005.0,2014.0,Y,Y,Y
US-SM1,36.3934,-100.9537,897.0,CRO,Bsk,Texas SmartFarm Project,Legacy,12.9,559.0,,,,,
US-Snd,38.0366,-121.754,-5.0,GRA,Csa,Sherman Island,CC-BY-4.0,15.6,358.0,2007.0,2014.0,,Y,Y
US-Sne,38.0369,-121.7547,-5.0,GRA,Csa,Sherman Island Restored Wetland,CC-BY-4.0,16.09,311.0,2016.0,2020.0,Y,Y,Y
US-Snf,38.0402,-121.7272,-4.0,GRA,Csa,Sherman Barn,CC-BY-4.0,,,2018.0,2020.0,Y,Y,Y
US-SO2,33.3738,-116.6228,1394.0,CSH,Csa,Sky Oaks- Old Stand,Legacy,13.63,553.0,1997.0,2006.0,,,Y
US-SO3,33.3771,-116.6226,1429.0,CSH,Csa,Sky Oaks- Young Stand,Legacy,13.29,576.0,1997.0,2006.0,,,Y
US-SO4,33.3845,-116.6406,1429.0,CSH,Csa,Sky Oaks- New Stand,Legacy,,,2004.0,2006.0,,,Y
US-SP1,29.7381,-82.2188,50.0,ENF,Cfa,Slashpine-Austin Cary- 65yrs nat regen,CC-BY-4.0,20.06,1309.77,2000.0,2020.0,Y,Y,Y
US-SP2,29.7648,-82.2448,50.0,ENF,Cfa,"Slashpine-Mize-clearcut-3yr,regen",CC-BY-4.0,20.07,1314.41,1999.0,2008.0,,Y,Y
US-SP3,29.7548,-82.1633,50.0,ENF,Cfa,Slashpine-Donaldson-mid-rot- 12yrs,CC-BY-4.0,20.25,1312.35,1999.0,2010.0,,Y,Y
US-SP4,29.8028,-82.2031,47.0,ENF,Cfa,Slashpine-Rayonier-mid-rot- 12yrs,CC-BY-4.0,20.0,1319.63,1998.0,1998.0,,Y,Y
US-SRC,31.9083,-110.8395,950.0,OSH,Bwh,Santa Rita Creosote,CC-BY-4.0,22.0,330.0,2008.0,2014.0,Y,Y,Y
US-SRG,31.7894,-110.8277,1291.0,GRA,Bsk,Santa Rita Grassland,CC-BY-4.0,17.0,420.0,2008.0,2025.0,Y,Y,Y
US-SRM,31.8214,-110.8661,1120.0,WSA,Bsk,Santa Rita Mesquite,CC-BY-4.0,17.92,380.0,2004.0,2025.0,Y,Y,Y
US-Srr,38.2006,-122.0264,8.0,WET,Csa,Suisun marsh - Rush Ranch,CC-BY-4.0,15.1,326.0,2014.0,2017.0,Y,Y,Y
US-SRS,31.8173,-110.8508,1169.0,WSA,Bsk,Santa Rita Savanna,CC-BY-4.0,19.4,388.0,2011.0,2018.0,Y,Y,Y
US-SSH,40.6658,-77.9041,310.0,DBF,Dfb,Susquehanna Shale Hills Critical Zone Observatory,CC-BY-4.0,9.5,1050.0,2016.0,2021.0,Y,Y,Y
US-Sta,41.3966,-106.8024,2069.0,OSH,Bsh,Saratoga,CC-BY-4.0,5.1,,2005.0,2009.0,Y,Y,Y
US-StJ,39.0882,-75.4372,6.7,WET,Cfa,St Jones Reserve,CC-BY-4.0,13.5,1121.0,2015.0,2020.0,Y,Y,Y
US-StS,33.3302,-79.2492,0.0,WET,Cfa,Strawberry Swamp,CC-BY-4.0,18.1,1300.0,,,,,
US-SuM,20.7981,-156.454,21.0,CRO,Aw,Maui Sugarcane Middle,CC-BY-4.0,24.1,287.0,2013.0,2014.0,,Y,Y
US-SuS,20.7847,-156.4039,203.0,CRO,Aw,Maui Sugarcane Lee/Sheltered,CC-BY-4.0,24.4,334.0,2011.0,2014.0,,Y,Y
US-SuW,20.8246,-156.4913,44.0,CRO,Aw,Maui Sugarcane Windy,CC-BY-4.0,24.4,366.0,2011.0,2013.0,,Y,Y
US-SVC,33.3504,-81.658,94.0,WSA,Cfa,Savannah River Control,CC-BY-4.0,17.94,1183.89,,,,,
US-SVP,33.3616,-81.673,103.0,WSA,Cfa,Savannah River Prescribe Fire,CC-BY-4.0,17.94,1183.89,,,,,
US-Sx1,33.1439,-79.7748,12.0,SAV,Csa,Santee Experimental Forest Longleaf Pine Clearcut,CC-BY-4.0,17.8,1370.0,,,,,
US-Sx2,33.1404,-79.7718,9.0,ENF,Csa,Santee Experimental Forest Longleaf Pine Thinned,CC-BY-4.0,17.8,1370.0,,,,,
US-Sx3,33.1494,-79.7888,20.0,MF,Csa,Santee Experimental Forest Unmanaged HW-Pine,CC-BY-4.0,17.8,1370.0,,,,,
US-Syv,46.242,-89.3477,540.0,MF,Dfb,Sylvania Wilderness Area,CC-BY-4.0,3.81,826.0,2001.0,2025.0,Y,Y,Y
US-SZ1,47.1245,-117.5306,657.0,CRO,Csb,"St. John, WA On-farm site Zone 1",Legacy,9.5,437.4,,,,,
US-SZ2,47.1226,-117.5271,664.0,CRO,Csb,"St. John, WA On-farm site Zone 2",Legacy,9.5,437.4,,,,,
US-SZ3,47.1261,-117.5267,687.0,CRO,Csb,"St. John, WA On-farm site Zone 3",Legacy,9.5,437.4,,,,,
US-TaS,25.1908,-80.6391,3.0,WET,Cwa,Taylor Slough/Panhandle,CC-BY-4.0,23.7,986.8,2016.0,2023.0,,Y,Y
US-TCS,25.8221,-81.1017,1.2,WET,Cfa,Tall Cypress Swamp,CC-BY-4.0,23.6,1312.0,,,,,
US-TEF,46.9522,-110.8851,2241.0,ENF,Dfc,Tenderfoot Creek Experimental Forest,CC-BY-4.0,0.0,880.0,2010.0,2012.0,,Y,Y
US-TFF,43.1084,-70.9523,23.3,MF,Dfb,Thompson Farm Forest,Legacy,8.9,1170.0,,,,,
US-TKs,68.6337,-149.5769,760.0,CSH,ET,Toolik Shrub Tundra,CC-BY-4.0,-9.0,316.0,2018.0,2025.0,,Y,Y
US-TLR,35.9168,-76.1463,1.0,MF,Cfa,Timberlake Observatory for Wetland Restoration (TOWeR),CC-BY-4.0,19.0,469.4,2024.0,2025.0,,Y,Y
US-Ton,38.4309,-120.966,177.0,WSA,Csa,Tonzi Ranch,CC-BY-4.0,15.8,559.0,2001.0,2025.0,Y,Y,Y
US-TrB,46.0412,-89.6862,499.0,WAT,Dfb,Trout Bog,CC-BY-4.0,3.8,787.0,2020.0,2020.0,,Y,Y
US-TrS,46.0034,-89.7053,495.0,WAT,Dfb,Trout Lake Area South Sparkling Bog,CC-BY-4.0,3.8,787.0,2020.0,2020.0,,Y,Y
US-Tsm,29.7711,-93.9924,0.8,WET,Cfa,"Port Arthur, TX Salt Marsh",CC-BY-4.0,20.9,1460.0,,,,,
US-Tur,45.5571,-111.2286,1530.0,GRA,Dfb,Turner Ranch,CC-BY-4.0,6.67,670.0,2017.0,2018.0,,Y,Y
US-Tw1,38.1074,-121.6469,-5.0,WET,Csa,Twitchell Wetland West Pond,CC-BY-4.0,15.5,421.0,2011.0,2023.0,Y,Y,Y
US-Tw2,38.0969,-121.6365,-5.0,CRO,Csa,Twitchell Corn,CC-BY-4.0,15.5,421.0,2012.0,2013.0,Y,Y,Y
US-Tw3,38.1152,-121.6469,-4.0,CRO,Csa,Twitchell Alfalfa,CC-BY-4.0,15.6,421.0,2013.0,2018.0,Y,Y,Y
US-Tw4,38.1027,-121.6413,-5.0,WET,Csa,Twitchell East End Wetland,CC-BY-4.0,15.6,421.0,2013.0,2024.0,Y,Y,Y
US-Tw5,38.1072,-121.6426,-5.0,WET,Csa,East Pond Wetland,CC-BY-4.0,15.5,421.0,2018.0,2020.0,Y,Y,Y
US-Twt,38.1087,-121.6531,-7.0,CRO,Csa,Twitchell Island,CC-BY-4.0,15.6,421.0,2009.0,2017.0,Y,Y,Y
US-Tx1,30.6176,-97.2938,157.0,GRA,Cfa,Stiles Farm Prairie,Legacy,25.6,889.0,,,,,
US-Tx2,31.4802,-96.8827,162.0,GRA,Cfa,Riesel Farm Native Prairie,Legacy,18.95,914.0,,,,,
US-Tx3,31.4777,-96.8883,167.0,CRO,Cfa,Riesel Farm Aspirational Agriculture,Legacy,18.95,914.0,,,,,
US-Tx4,31.4693,-96.8865,173.0,CRO,Cfa,Riesel Farm Traditional Agriculture,Legacy,18.95,914.0,,,,,
US-Tx5,30.5328,-96.4252,68.0,CVM,Cfa,Texas A&M University Farm,Legacy,19.95,991.0,,,,,
US-Tx6,27.6666,-98.2089,82.0,GRA,Cfa,La Copita Grassland - Savanna,Legacy,22.2,716.0,,,,,
US-Tx7,27.665,-98.2007,82.0,CSH,Cfa,La Copita Shrubland - Savanna,Legacy,22.2,716.0,,,,,
US-Tx8,29.1659,-95.829,16.0,DBF,Cfa,Danciger Lowland Hardwood Forest,Legacy,20.6,1143.0,,,,,
US-Tx9,28.7805,-95.6144,0.0,WET,Cfa,Sargent Unit Salt Marsh,Legacy,21.15,1245.0,,,,,
US-Uaf,64.8663,-147.8555,155.0,ENF,Dwc,"University of Alaska, Fairbanks",CC-BY-4.0,-2.9,263.0,2003.0,2024.0,,Y,Y
US-UC1,40.7536,-78.0056,390.0,CVM,Dfb,LTAR UCB (Upper Chesapeake Bay) EC1,CC-BY-4.0,10.1,1006.35,2019.0,2024.0,Y,Y,Y
US-UC2,40.7559,-77.9998,396.0,CVM,Dfb,LTAR UCB (Upper Chesapeake Bay) EC2,CC-BY-4.0,10.1,1006.35,2019.0,2024.0,Y,Y,Y
US-UG1,38.923,-106.9524,2755.0,OSH,Dsc,East River Riparian,CC-BY-4.0,8.0,750.0,,,,,
US-UiA,40.0646,-88.1961,224.0,CRO,Dfa,University of Illinois Switchgrass,CC-BY-4.0,10.9,1051.0,2008.0,2024.0,,Y,Y
US-UiB,40.0628,-88.1984,224.0,CRO,Dfa,University of Illinois Miscanthus,CC-BY-4.0,10.9,1051.0,2008.0,2024.0,,Y,Y
US-UiC,40.0628,-88.1961,224.0,CRO,Dfa,University of Illinois Maize-Soy,CC-BY-4.0,10.9,1051.0,2008.0,2024.0,,Y,Y
US-UiD,40.0646,-88.1985,224.0,GRA,,University of Illinois Restored Native Prairie,CC-BY-4.0,10.9,1051.0,2008.0,2024.0,,Y,Y
US-UiE,40.0629,-88.2033,217.0,CRO,Dfa,University of Illinois Sorghum-Soy,CC-BY-4.0,11.2,1021.0,2018.0,2024.0,,Y,Y
US-UiF,40.0665,-88.2015,220.0,CRO,Dfa,University of Illinois Miscanthus 2,CC-BY-4.0,11.2,1021.0,2018.0,2023.0,,Y,Y
US-UiG,40.0629,-88.2009,220.0,CRO,Dfa,University of Illinois Maize-Soy 2,CC-BY-4.0,11.2,1021.0,2018.0,2023.0,,Y,Y
US-ULM,32.457,-91.9743,20.0,DBF,Cfa,ULM Flux Tower,Legacy,18.77,1356.36,,,,,
US-UM3,45.5686,-84.6707,234.0,WAT,Dfb,Douglas Lake,CC-BY-4.0,5.83,803.0,2013.0,2014.0,Y,Y,Y
US-UMB,45.5598,-84.7138,234.0,DBF,Dfb,Univ. of Mich. Biological Station,CC-BY-4.0,5.83,803.0,2000.0,2025.0,Y,Y,Y
US-UMd,45.5625,-84.6975,239.0,DBF,Dfb,UMBS Disturbance,CC-BY-4.0,5.83,803.0,2007.0,2025.0,Y,Y,Y
US-Upa,70.2815,-148.8848,5.0,WET,Dsc,Upad,Legacy,-13.57,123.68,1994.0,1994.0,,,Y
US-UR0,41.0438,-107.68,1899.1,GRA,Dfb,Baggs - UCRB,Legacy,5.0,427.0,2024.0,2024.0,,,Y
US-UR1,42.683,-109.544,2177.0,GRA,Dfb,Boulder - UCRB,Legacy,4.0,237.0,2024.0,2024.0,,,Y
US-UR2,42.959,-110.071,2252.7,GRA,Dfc,Cora - UCRB,Legacy,2.0,301.0,2024.0,2024.0,,,Y
US-UR3,41.29,-110.401,2101.1,GRA,Dfb,Ft. Bridger - UCRB,Legacy,6.0,254.0,2024.0,2024.0,,,Y
US-UR4,38.4369,-106.6392,2464.0,GRA,Dfc,Gunnison - UCRB,Legacy,4.0,330.0,2024.0,2024.0,,,Y
US-UR5,36.9236,-108.1943,1772.0,CRO,Bsk,La Plata - UCRB,Legacy,12.0,256.0,2024.0,2024.0,,,Y
US-UR6,36.5699,-108.1125,1770.0,CRO,Bsk,Napi - UCRB,Legacy,12.0,200.0,2024.0,2024.0,,,Y
US-UR7,38.6184,-108.0595,1642.3,GRA,Dfa,Olathe - UCRB,Legacy,11.0,274.0,2024.0,2024.0,,,Y
US-UR8,37.5405,-108.739,2117.5,CRO,Cfb,Yellow Jacket - UCRB,Legacy,10.0,388.0,2024.0,2024.0,,,Y
US-UR9,42.1643,-109.462,2029.9,CRO,Bsk,Farson - UCRB,Legacy,5.3,200.0,,,,,
US-UTB,40.7848,-113.8299,1287.0,BSV,Bwk,UFLUX Bonneville Salt Flats,CC-BY-4.0,10.6,138.59,2021.0,2024.0,Y,Y,Y
US-UTD,38.1038,-109.5952,1580.0,CRO,Bwk,UFLUX Dugout Ranch,CC-BY-4.0,12.0,215.65,2023.0,2024.0,Y,Y,Y
US-UTE,37.7353,-111.5708,1729.3,CRO,Bsk,UFLUX Escalante,CC-BY-4.0,10.83,258.318,2024.0,2024.0,Y,Y,Y
US-UTG,39.0188,-110.1663,1245.1,CRO,Bwk,UFLUX Green River,CC-BY-4.0,21.0,161.0,,,,,
US-UTJ,37.2818,-109.5348,1281.0,CRO,Bsk,UFLUX Bluff,CC-BY-4.0,12.6,196.85,2024.0,2025.0,Y,Y,Y
US-UTL,40.1877,-109.6579,1486.2,CRO,Bsk,UFLUX Pelican Lake,CC-BY-4.0,17.0,177.0,,,,,
US-UTM,38.5879,-109.5775,1207.0,WET,Bsk,UFLUX Matheson,CC-BY-4.0,13.0,240.03,2022.0,2024.0,,Y,Y
US-UTN,39.6896,-111.8814,1529.0,CRO,Dfa,UFLUX Nephi,CC-BY-4.0,10.2,396.0,2023.0,2023.0,,Y,Y
US-UTP,41.0604,-112.1013,1281.0,WET,Bwk,UFLUX Great Salt Lake Phragmites,CC-BY-4.0,11.2,419.0,2024.0,2025.0,Y,Y,Y
US-UTV,40.1266,-109.9546,1539.0,CRO,Bsk,UFLUX Desert View,CC-BY-4.0,16.7,177.0,2023.0,2024.0,Y,Y,Y
US-UTW,39.4453,-110.7288,1682.0,CRO,Dfa,UFLUX Wellington,CC-BY-4.0,9.6,225.22,2021.0,2024.0,,Y,Y
US-UUC,41.2961,-112.3074,1300.0,WAT,Dwa,University of Utah Compass Minerals Flux,CC-BY-4.0,11.0,420.0,,,,,
US-UUP,41.0303,-112.1175,1278.0,BSV,Dsa,University of Utah Playa Flux,CC-BY-4.0,11.0,420.0,,,,,
US-Var,38.4133,-120.9508,129.0,GRA,Csa,Vaira Ranch- Ione,CC-BY-4.0,15.8,559.0,2000.0,2025.0,Y,Y,Y
US-Vcm,35.8884,-106.5321,3030.0,ENF,Dfb,Valles Caldera Mixed Conifer,CC-BY-4.0,6.4,646.0,2007.0,2025.0,Y,Y,Y
US-Vcp,35.8642,-106.5967,2500.0,ENF,Dfb,Valles Caldera Ponderosa Pine,CC-BY-4.0,9.8,550.0,2007.0,2025.0,Y,Y,Y
US-Vcs,35.9193,-106.6142,2752.0,ENF,Dfb,Valles Caldera Sulphur Springs Mixed Conifer,CC-BY-4.0,4.6,550.93,2016.0,2025.0,,Y,Y
US-VFP,37.4111,-75.8333,1.0,WET,Cfa,Virginia Coast Reserve Fowling Point,Legacy,14.05,1023.3,,,,,
US-VT1,40.4064,-87.5214,216.0,CRO,Cfa,Vermillion Tributary Paired Cropland – Site 1 (Corn/Soy; No Cover Crops),CC-BY-4.0,11.37,1068.37,2023.0,2025.0,,Y,Y
US-VT2,40.4018,-87.5213,216.0,CRO,Cfa,Vermillion Tributary Paired Cropland – Site 2 (Corn/Soy; Cover Crops),CC-BY-4.0,11.37,1068.37,2023.0,2025.0,,Y,Y
US-WBW,35.9588,-84.2874,283.0,DBF,Cfa,Walker Branch Watershed,Legacy,13.71,1372.05,1995.0,2007.0,,,Y
US-WCr,45.8059,-90.0799,520.0,DBF,Dfb,Willow Creek,CC-BY-4.0,4.02,787.0,1998.0,2025.0,,Y,Y
US-Wdn,40.7838,-106.2618,2469.0,OSH,Bsh,Walden,Legacy,3.3,,2006.0,2008.0,,,Y
US-WEP,43.1421,-70.9543,27.0,URB,Dfb,West Edge Parking Lot,Legacy,8.9,1170.0,,,,,
US-Wgr,45.1129,-122.656,52.0,CRO,Csb,Willamette Grass,Legacy,11.58,1194.0,2015.0,2015.0,,,Y
US-Whs,31.7438,-110.0522,1370.0,OSH,Bsk,Walnut Gulch Lucky Hills Shrub,CC-BY-4.0,17.6,320.0,2007.0,2025.0,Y,Y,Y
US-Wi0,46.6188,-91.0814,349.0,ENF,Dfb,Young red pine (YRP),CC-BY-4.0,,,2002.0,2002.0,Y,Y,Y
US-Wi1,46.7305,-91.2329,352.0,DBF,Dfb,Intermediate hardwood (IHW),CC-BY-4.0,,,2003.0,2003.0,Y,Y,Y
US-Wi2,46.6869,-91.1528,395.0,ENF,Dfb,Intermediate red pine (IRP),CC-BY-4.0,,,2003.0,2003.0,,Y,Y
US-Wi3,46.6347,-91.0987,411.0,DBF,Dfb,Mature hardwood (MHW),CC-BY-4.0,,,2002.0,2004.0,Y,Y,Y
US-Wi4,46.7393,-91.1663,352.0,ENF,Dfb,Mature red pine (MRP),CC-BY-4.0,,,2002.0,2005.0,Y,Y,Y
US-Wi5,46.6531,-91.0858,353.0,ENF,Dfb,Mixed young jack pine (MYJP),CC-BY-4.0,,,2004.0,2004.0,Y,Y,Y
US-Wi6,46.6249,-91.2982,371.0,OSH,Dfb,Pine barrens #1 (PB1),CC-BY-4.0,,,2002.0,2003.0,Y,Y,Y
US-Wi7,46.6491,-91.0693,335.0,OSH,Dfb,Red pine clearcut (RPCC),CC-BY-4.0,,,2005.0,2005.0,Y,Y,Y
US-Wi8,46.7223,-91.2524,348.0,DBF,Dfb,Young hardwood clearcut (YHW),CC-BY-4.0,,,2002.0,2002.0,Y,Y,Y
US-Wi9,46.7385,-91.0746,350.0,ENF,Dfb,Young Jack pine (YJP),CC-BY-4.0,,,2004.0,2005.0,Y,Y,Y
US-Wjs,34.4255,-105.8615,1931.0,SAV,Bsk,Willard Juniper Savannah,CC-BY-4.0,15.2,361.0,2007.0,2025.0,Y,Y,Y
US-Wkg,31.7365,-109.9419,1531.0,GRA,Bsk,Walnut Gulch Kendall Grasslands,CC-BY-4.0,15.64,407.0,2004.0,2025.0,Y,Y,Y
US-Wlr,37.5208,-96.855,408.0,GRA,Cfa,Walnut River Watershed (Smileyburg),CC-BY-4.0,13.52,881.0,2001.0,2004.0,,Y,Y
US-Wpp,44.1369,-123.1824,111.0,DBF,Csb,Willamette Poplar,Legacy,11.39,1293.0,2015.0,2015.0,,,Y
US-WPT,41.4646,-82.9962,175.0,WET,Dfa,Winous Point North Marsh,CC-BY-4.0,10.1,849.0,2011.0,2013.0,Y,Y,Y
US-Wrc,45.8205,-121.9519,371.0,ENF,Csb,Wind River Crane Site,CC-BY-4.0,8.8,2452.0,1998.0,2015.0,,Y,Y
US-WT1,34.3674,-101.8154,1058.0,CRO,Bsk,"Kress, TX no-till cotton and grain sorghum production",CC-BY-4.0,14.4,482.0,2023.0,2024.0,,Y,Y
US-WT2,36.3393,-101.829,1056.0,GRA,Bsk,Stratford CSI,CC-BY-4.0,14.4,482.0,,,,,
US-WT3,36.339,-101.829,1071.0,GRA,Bsk,Stratford LICOR,CC-BY-4.0,14.4,482.0,,,,,
US-Wwt,45.1089,-122.6664,52.0,CRO,Csb,Willamette Wheat,Legacy,11.58,1194.0,2014.0,2015.0,,,Y
US-xAB,45.7624,-122.3303,363.0,ENF,Csb,NEON Abby Road (ABBY),CC-BY-4.0,10.0,2450.59,2017.0,2024.0,Y,Y,Y
US-xAE,35.4106,-99.0588,516.0,GRA,Cfa,NEON Klemme Range Research Station (OAES),CC-BY-4.0,15.5,778.85,2017.0,2024.0,Y,Y,Y
US-xBA,71.2824,-156.6194,6.0,WET,ET,NEON Barrow Environmental Observatory (BARR),CC-BY-4.0,-12.0,110.0,2017.0,2024.0,Y,Y,Y
US-xBL,39.0603,-78.0716,183.0,DBF,Cfa,NEON Blandy Experimental Farm (BLAN),CC-BY-4.0,12.1,982.55,2017.0,2024.0,Y,Y,Y
US-xBN,65.154,-147.5026,263.0,ENF,Dwc,NEON Caribou Creek - Poker Flats Watershed (BONA),CC-BY-4.0,-2.0,275.0,2017.0,2024.0,Y,Y,Y
US-xBR,44.0639,-71.2873,232.0,DBF,Dfb,NEON Bartlett Experimental Forest (BART),CC-BY-4.0,5.6,1246.0,2017.0,2024.0,Y,Y,Y
US-xCL,33.4012,-97.57,259.0,GRA,Cfa,NEON LBJ National Grassland (CLBJ),CC-BY-4.0,17.5,925.61,2017.0,2024.0,Y,Y,Y
US-xCP,40.8155,-104.7456,1654.0,GRA,Bsk,NEON Central Plains Experimental Range (CPER),CC-BY-4.0,8.6,320.0,2016.0,2024.0,Y,Y,Y
US-xDC,47.1617,-99.1066,559.0,GRA,Dfb,NEON Dakota Coteau Field School (DCFS),CC-BY-4.0,4.9,489.74,2017.0,2024.0,Y,Y,Y
US-xDJ,63.8811,-145.7514,529.0,ENF,Dfc,NEON Delta Junction (DEJU),CC-BY-4.0,-2.0,300.0,2017.0,2024.0,Y,Y,Y
US-xDL,32.5417,-87.8039,22.0,MF,Cfa,NEON Dead Lake (DELA),CC-BY-4.0,17.6,1372.0,2017.0,2024.0,Y,Y,Y
US-xDS,28.125,-81.4362,15.0,CVM,Cfa,NEON Disney Wilderness Preserve (DSNY),CC-BY-4.0,22.5,1216.09,2017.0,2024.0,Y,Y,Y
US-xGR,35.689,-83.5019,579.0,DBF,Cfa,"NEON Great Smoky Mountains National Park, Twin Creeks (GRSM)",CC-BY-4.0,13.1,1375.0,2017.0,2024.0,Y,Y,Y
US-xHA,42.5369,-72.1727,351.0,DBF,Dfb,NEON Harvard Forest (HARV),CC-BY-4.0,6.62,1071.0,2017.0,2024.0,Y,Y,Y
US-xHE,63.8757,-149.2133,705.0,OSH,ET,NEON Healy (HEAL),CC-BY-4.0,-4.0,320.0,2017.0,2024.0,Y,Y,Y
US-xJE,31.1948,-84.4686,44.0,ENF,Cfa,NEON Jones Ecological Research Center (JERC),CC-BY-4.0,19.2,1307.97,2017.0,2024.0,Y,Y,Y
US-xJR,32.5907,-106.8425,1329.0,OSH,Bsk,NEON Jornada LTER (JORN),CC-BY-4.0,15.7,271.33,2017.0,2024.0,Y,Y,Y
US-xKA,39.1104,-96.6129,1329.0,GRA,Cfa,NEON Konza Prairie Biological Station - Relocatable (KONA),CC-BY-4.0,12.7,850.63,2017.0,2024.0,Y,Y,Y
US-xKZ,39.1008,-96.5631,381.0,GRA,Cfa,NEON Konza Prairie Biological Station (KONZ),CC-BY-4.0,12.4,870.38,2017.0,2024.0,Y,Y,Y
US-xLE,31.8539,-88.1612,20.0,DBF,Cfa,NEON Lenoir Landing (LENO),CC-BY-4.0,18.1,1386.24,2017.0,2024.0,,Y,Y
US-xMB,38.2483,-109.3883,1767.0,OSH,Bsk,NEON Moab (MOAB),CC-BY-4.0,10.1,319.46,2017.0,2024.0,Y,Y,Y
US-xML,37.3783,-80.5248,1126.0,DBF,Dfb,NEON Mountain Lake Biological Station (MLBS),CC-BY-4.0,8.8,1227.82,2017.0,2024.0,Y,Y,Y
US-xNG,46.7697,-100.9154,578.0,GRA,Dfb,NEON Northern Great Plains Research Laboratory (NOGP),CC-BY-4.0,5.9,456.51,2017.0,2024.0,Y,Y,Y
US-xNQ,40.1776,-112.4524,1685.0,OSH,Dfb,NEON Onaqui-Ault (ONAQ),CC-BY-4.0,9.0,288.31,2017.0,2024.0,Y,Y,Y
US-xNW,40.0543,-105.5824,3513.0,ENF,Dfc,NEON Niwot Ridge Mountain Research Station (NIWO),CC-BY-4.0,0.3,1004.54,2017.0,2024.0,Y,Y,Y
US-xPU,19.5531,-155.3173,1685.0,EBF,Cfb,NEON Pu'u Maka'ala Natural Area Reserve (PUUM),CC-BY-4.0,13.0,2685.0,2019.0,2024.0,Y,Y,Y
US-xRM,40.2759,-105.5459,2743.0,ENF,Dfc,"NEON Rocky Mountain National Park, CASTNET (RMNP)",CC-BY-4.0,2.9,730.59,2017.0,2024.0,Y,Y,Y
US-xRN,35.9641,-84.2826,334.0,DBF,Cfa,NEON Oak Ridge National Lab (ORNL),CC-BY-4.0,14.4,1340.32,2017.0,2024.0,Y,Y,Y
US-xSB,29.6893,-81.9934,45.0,ENF,Cfa,NEON Ordway-Swisher Biological Station (OSBS),CC-BY-4.0,20.9,1302.09,2018.0,2024.0,Y,Y,Y
US-xSC,38.8929,-78.1395,361.0,DBF,Cfa,NEON Smithsonian Conservation Biology Institute (SCBI),CC-BY-4.0,11.6,1125.5,2016.0,2024.0,Y,Y,Y
US-xSE,38.8901,-76.56,15.0,DBF,Cfa,NEON Smithsonian Environmental Research Center (SERC),CC-BY-4.0,13.6,1074.65,2017.0,2024.0,Y,Y,Y
US-xSJ,37.1088,-119.7323,368.0,SAV,Csa,NEON San Joaquin Experimental Range (SJER),CC-BY-4.0,16.4,539.62,2018.0,2024.0,Y,Y,Y
US-xSL,40.4619,-103.0293,1364.0,CRO,Bsk,"NEON North Sterling, CO (STER)",CC-BY-4.0,9.7,432.67,2017.0,2024.0,Y,Y,Y
US-xSP,37.0334,-119.2622,1160.0,ENF,Csa,NEON Soaproot Saddle (SOAP),CC-BY-4.0,13.4,900.35,2017.0,2024.0,,Y,Y
US-xSR,31.9107,-110.8355,983.0,OSH,Bsk,NEON Santa Rita Experimental Range (SRER),CC-BY-4.0,19.3,346.0,2017.0,2024.0,Y,Y,Y
US-xST,45.5089,-89.5864,481.0,DBF,Dfb,NEON Steigerwaldt Land Services (STEI),CC-BY-4.0,4.8,797.56,2017.0,2024.0,Y,Y,Y
US-xTA,32.9505,-87.3933,135.0,ENF,Cfa,NEON Talladega National Forest (TALL),CC-BY-4.0,17.2,1382.68,2017.0,2024.0,Y,Y,Y
US-xTE,37.0058,-119.006,2147.0,ENF,Csa,NEON Lower Teakettle (TEAK),CC-BY-4.0,8.0,1222.5,2018.0,2024.0,,Y,Y
US-xTL,68.6611,-149.3705,843.0,WET,ET,NEON Toolik (TOOL),CC-BY-4.0,-4.0,331.0,2017.0,2024.0,Y,Y,Y
US-xTR,45.4937,-89.5857,472.0,DBF,Dfb,NEON Treehaven (TREE),CC-BY-4.0,4.8,797.56,2017.0,2024.0,Y,Y,Y
US-xUK,39.0404,-95.1921,335.0,DBF,Cfa,NEON The University of Kansas Field Station (UKFS),CC-BY-4.0,12.7,990.63,2017.0,2024.0,Y,Y,Y
US-xUN,46.2339,-89.5373,518.0,MF,Dfb,NEON University of Notre Dame Environmental Research Center (UNDE),CC-BY-4.0,4.3,802.3,2017.0,2024.0,Y,Y,Y
US-xWD,47.1282,-99.2414,579.0,GRA,Dfb,NEON Woodworth (WOOD),CC-BY-4.0,4.9,493.76,2017.0,2024.0,Y,Y,Y
US-xWR,45.8205,-121.9519,407.0,ENF,Csb,NEON Wind River Experimental Forest (WREF),CC-BY-4.0,9.2,2225.01,2018.0,2024.0,Y,Y,Y
US-xYE,44.9535,-110.5391,2116.0,ENF,Dfc,NEON Yellowstone Northern Range (Frog Rock) (YELL),CC-BY-4.0,3.4,493.44,2018.0,2024.0,Y,Y,Y
US-YK1,61.2723,-163.2228,15.0,WET,,"Yukon-Kuskokwim Delta, Izaviknek-Kingaglia uplands, Burned 2015",CC-BY-4.0,,,2019.0,2025.0,,Y,Y
US-YK2,61.2548,-163.259,15.0,WET,,"Yukon-Kuskokwim Delta, Izaviknek-Kingaglia uplands, Unburned",CC-BY-4.0,,,2019.0,2024.0,Y,Y,Y
US-Ylw,29.7894,-95.3536,14.0,URB,Cfa,Yellow Cab urban,Legacy,20.0,1260.0,,,,,
US-YNS,64.8939,-147.6374,186.9,GRA,Dfc,North Star Yedoma,Legacy,-2.5,275.0,2021.0,2023.0,,,Y
US-ZF1,40.7976,-87.5355,202.0,CRO,Dfa,Zumwalt Farm Treatment,CC-BY-4.0,9.0,914.0,,,,,
US-ZF2,40.7939,-87.5355,202.0,CRO,Dfa,Zumwalt Farm Control,CC-BY-4.0,9.0,914.0,,,,,
